2025-04-12 17:15:08,785 - INFO - Database table ready
2025-04-12 17:15:08,787 - INFO - Starting KAMIS scrape
2025-04-12 17:15:28,488 - ERROR - Error processing row: column "classification" of relation "market_prices" does not exist
LINE 3:                     commodity, classification, grade, sex, m...
                                       ^

2025-04-12 17:15:28,490 - ERROR - Error processing row: current transaction is aborted, commands ignored until end of transaction block

2025-04-12 17:15:28,492 - ERROR - Error processing row: current transaction is aborted, commands ignored until end of transaction block

2025-04-12 17:15:28,494 - ERROR - Error processing row: current transaction is aborted, commands ignored until end of transaction block

2025-04-12 17:15:28,496 - ERROR - Error processing row: current transaction is aborted, commands ignored until end of transaction block

2025-04-12 17:15:28,498 - ERROR - Error processing row: current transaction is aborted, commands ignored until end of transaction block

2025-04-12 17:15:28,499 - ERROR - Error processing row: current transaction is aborted, commands ignored until end of transaction block

2025-04-12 17:15:28,500 - ERROR - Error processing row: current transaction is aborted, commands ignored until end of transaction block

2025-04-12 17:15:28,503 - ERROR - Error processing row: current transaction is aborted, commands ignored until end of transaction block

2025-04-12 17:15:28,505 - ERROR - Error processing row: current transaction is aborted, commands ignored until end of transaction block

2025-04-12 17:15:28,507 - ERROR - Error processing row: current transaction is aborted, commands ignored until end of transaction block

2025-04-12 17:15:28,509 - ERROR - Error processing row: current transaction is aborted, commands ignored until end of transaction block

2025-04-12 17:15:28,511 - ERROR - Error processing row: current transaction is aborted, commands ignored until end of transaction block

2025-04-12 17:15:28,513 - ERROR - Error processing row: current transaction is aborted, commands ignored until end of transaction block

2025-04-12 17:15:28,514 - ERROR - Error processing row: current transaction is aborted, commands ignored until end of transaction block

2025-04-12 17:15:28,515 - ERROR - Error processing row: current transaction is aborted, commands ignored until end of transaction block

2025-04-12 17:15:28,517 - ERROR - Error processing row: current transaction is aborted, commands ignored until end of transaction block

2025-04-12 17:15:28,523 - ERROR - Error processing row: current transaction is aborted, commands ignored until end of transaction block

2025-04-12 17:15:28,526 - ERROR - Error processing row: current transaction is aborted, commands ignored until end of transaction block

2025-04-12 17:15:28,528 - ERROR - Error processing row: current transaction is aborted, commands ignored until end of transaction block

2025-04-12 17:15:28,529 - ERROR - Error processing row: current transaction is aborted, commands ignored until end of transaction block

2025-04-12 17:15:28,531 - ERROR - Error processing row: current transaction is aborted, commands ignored until end of transaction block

2025-04-12 17:15:28,532 - ERROR - Error processing row: current transaction is aborted, commands ignored until end of transaction block

2025-04-12 17:15:28,534 - ERROR - Error processing row: current transaction is aborted, commands ignored until end of transaction block

2025-04-12 17:15:28,536 - ERROR - Error processing row: current transaction is aborted, commands ignored until end of transaction block

2025-04-12 17:15:28,538 - ERROR - Error processing row: current transaction is aborted, commands ignored until end of transaction block

2025-04-12 17:15:28,540 - ERROR - Error processing row: current transaction is aborted, commands ignored until end of transaction block

2025-04-12 17:15:28,542 - ERROR - Error processing row: current transaction is aborted, commands ignored until end of transaction block

2025-04-12 17:15:28,544 - ERROR - Error processing row: current transaction is aborted, commands ignored until end of transaction block

2025-04-12 17:15:28,545 - ERROR - Error processing row: current transaction is aborted, commands ignored until end of transaction block

2025-04-12 17:15:28,547 - ERROR - Error processing row: current transaction is aborted, commands ignored until end of transaction block

2025-04-12 17:15:28,548 - ERROR - Error processing row: current transaction is aborted, commands ignored until end of transaction block

2025-04-12 17:15:28,550 - ERROR - Error processing row: current transaction is aborted, commands ignored until end of transaction block

2025-04-12 17:15:28,551 - ERROR - Error processing row: current transaction is aborted, commands ignored until end of transaction block

2025-04-12 17:15:28,553 - ERROR - Error processing row: current transaction is aborted, commands ignored until end of transaction block

2025-04-12 17:15:28,555 - ERROR - Error processing row: current transaction is aborted, commands ignored until end of transaction block

2025-04-12 17:15:28,557 - ERROR - Error processing row: current transaction is aborted, commands ignored until end of transaction block

2025-04-12 17:15:28,559 - ERROR - Error processing row: current transaction is aborted, commands ignored until end of transaction block

2025-04-12 17:15:28,561 - ERROR - Error processing row: current transaction is aborted, commands ignored until end of transaction block

2025-04-12 17:15:28,562 - ERROR - Error processing row: current transaction is aborted, commands ignored until end of transaction block

2025-04-12 17:15:28,563 - ERROR - Error processing row: current transaction is aborted, commands ignored until end of transaction block

2025-04-12 17:15:28,565 - ERROR - Error processing row: current transaction is aborted, commands ignored until end of transaction block

2025-04-12 17:15:28,566 - ERROR - Error processing row: current transaction is aborted, commands ignored until end of transaction block

2025-04-12 17:15:28,567 - ERROR - Error processing row: current transaction is aborted, commands ignored until end of transaction block

2025-04-12 17:15:28,569 - ERROR - Error processing row: current transaction is aborted, commands ignored until end of transaction block

2025-04-12 17:15:28,571 - ERROR - Error processing row: current transaction is aborted, commands ignored until end of transaction block

2025-04-12 17:15:28,573 - ERROR - Error processing row: current transaction is aborted, commands ignored until end of transaction block

2025-04-12 17:15:28,575 - ERROR - Error processing row: current transaction is aborted, commands ignored until end of transaction block

2025-04-12 17:15:28,577 - ERROR - Error processing row: current transaction is aborted, commands ignored until end of transaction block

2025-04-12 17:15:28,578 - ERROR - Error processing row: current transaction is aborted, commands ignored until end of transaction block

2025-04-12 17:15:28,580 - ERROR - Error processing row: current transaction is aborted, commands ignored until end of transaction block

2025-04-12 17:15:28,581 - ERROR - Error processing row: current transaction is aborted, commands ignored until end of transaction block

2025-04-12 17:15:28,583 - ERROR - Error processing row: current transaction is aborted, commands ignored until end of transaction block

2025-04-12 17:15:28,584 - ERROR - Error processing row: current transaction is aborted, commands ignored until end of transaction block

2025-04-12 17:15:28,586 - ERROR - Error processing row: current transaction is aborted, commands ignored until end of transaction block

2025-04-12 17:15:28,588 - ERROR - Error processing row: current transaction is aborted, commands ignored until end of transaction block

2025-04-12 17:15:28,590 - ERROR - Error processing row: current transaction is aborted, commands ignored until end of transaction block

2025-04-12 17:15:28,592 - ERROR - Error processing row: current transaction is aborted, commands ignored until end of transaction block

2025-04-12 17:15:28,594 - ERROR - Error processing row: current transaction is aborted, commands ignored until end of transaction block

2025-04-12 17:15:28,596 - ERROR - Error processing row: current transaction is aborted, commands ignored until end of transaction block

2025-04-12 17:15:28,598 - ERROR - Error processing row: current transaction is aborted, commands ignored until end of transaction block

2025-04-12 17:15:28,599 - ERROR - Error processing row: current transaction is aborted, commands ignored until end of transaction block

2025-04-12 17:15:28,600 - ERROR - Error processing row: current transaction is aborted, commands ignored until end of transaction block

2025-04-12 17:15:28,602 - ERROR - Error processing row: current transaction is aborted, commands ignored until end of transaction block

2025-04-12 17:15:28,604 - ERROR - Error processing row: current transaction is aborted, commands ignored until end of transaction block

2025-04-12 17:15:28,606 - ERROR - Error processing row: current transaction is aborted, commands ignored until end of transaction block

2025-04-12 17:15:28,608 - ERROR - Error processing row: current transaction is aborted, commands ignored until end of transaction block

2025-04-12 17:15:28,610 - ERROR - Error processing row: current transaction is aborted, commands ignored until end of transaction block

2025-04-12 17:15:28,612 - ERROR - Error processing row: current transaction is aborted, commands ignored until end of transaction block

2025-04-12 17:15:28,613 - ERROR - Error processing row: current transaction is aborted, commands ignored until end of transaction block

2025-04-12 17:15:28,614 - ERROR - Error processing row: current transaction is aborted, commands ignored until end of transaction block

2025-04-12 17:15:28,616 - ERROR - Error processing row: current transaction is aborted, commands ignored until end of transaction block

2025-04-12 17:15:28,617 - ERROR - Error processing row: current transaction is aborted, commands ignored until end of transaction block

2025-04-12 17:15:28,619 - ERROR - Error processing row: current transaction is aborted, commands ignored until end of transaction block

2025-04-12 17:15:28,621 - ERROR - Error processing row: current transaction is aborted, commands ignored until end of transaction block

2025-04-12 17:15:28,623 - ERROR - Error processing row: current transaction is aborted, commands ignored until end of transaction block

2025-04-12 17:15:28,625 - ERROR - Error processing row: current transaction is aborted, commands ignored until end of transaction block

2025-04-12 17:15:28,627 - ERROR - Error processing row: current transaction is aborted, commands ignored until end of transaction block

2025-04-12 17:15:28,628 - ERROR - Error processing row: current transaction is aborted, commands ignored until end of transaction block

2025-04-12 17:15:28,630 - ERROR - Error processing row: current transaction is aborted, commands ignored until end of transaction block

2025-04-12 17:15:28,631 - ERROR - Error processing row: current transaction is aborted, commands ignored until end of transaction block

2025-04-12 17:15:28,632 - ERROR - Error processing row: current transaction is aborted, commands ignored until end of transaction block

2025-04-12 17:15:28,634 - ERROR - Error processing row: current transaction is aborted, commands ignored until end of transaction block

2025-04-12 17:15:28,635 - ERROR - Error processing row: current transaction is aborted, commands ignored until end of transaction block

2025-04-12 17:15:28,636 - ERROR - Error processing row: current transaction is aborted, commands ignored until end of transaction block

2025-04-12 17:15:28,638 - ERROR - Error processing row: current transaction is aborted, commands ignored until end of transaction block

2025-04-12 17:15:28,640 - ERROR - Error processing row: current transaction is aborted, commands ignored until end of transaction block

2025-04-12 17:15:28,642 - ERROR - Error processing row: current transaction is aborted, commands ignored until end of transaction block

2025-04-12 17:15:28,644 - ERROR - Error processing row: current transaction is aborted, commands ignored until end of transaction block

2025-04-12 17:15:28,645 - ERROR - Error processing row: current transaction is aborted, commands ignored until end of transaction block

2025-04-12 17:15:28,647 - ERROR - Error processing row: current transaction is aborted, commands ignored until end of transaction block

2025-04-12 17:15:28,648 - ERROR - Error processing row: current transaction is aborted, commands ignored until end of transaction block

2025-04-12 17:15:28,649 - ERROR - Error processing row: current transaction is aborted, commands ignored until end of transaction block

2025-04-12 17:15:28,650 - ERROR - Error processing row: current transaction is aborted, commands ignored until end of transaction block

2025-04-12 17:15:28,652 - ERROR - Error processing row: current transaction is aborted, commands ignored until end of transaction block

2025-04-12 17:15:28,654 - ERROR - Error processing row: current transaction is aborted, commands ignored until end of transaction block

2025-04-12 17:15:28,656 - ERROR - Error processing row: current transaction is aborted, commands ignored until end of transaction block

2025-04-12 17:15:28,659 - ERROR - Error processing row: current transaction is aborted, commands ignored until end of transaction block

2025-04-12 17:15:28,660 - ERROR - Error processing row: current transaction is aborted, commands ignored until end of transaction block

2025-04-12 17:15:28,662 - ERROR - Error processing row: current transaction is aborted, commands ignored until end of transaction block

2025-04-12 17:15:28,663 - ERROR - Error processing row: current transaction is aborted, commands ignored until end of transaction block

2025-04-12 17:15:28,664 - ERROR - Error processing row: current transaction is aborted, commands ignored until end of transaction block

2025-04-12 17:15:28,666 - ERROR - Error processing row: current transaction is aborted, commands ignored until end of transaction block

2025-04-12 17:15:28,667 - ERROR - Error processing row: current transaction is aborted, commands ignored until end of transaction block

2025-04-12 17:15:28,668 - ERROR - Error processing row: current transaction is aborted, commands ignored until end of transaction block

2025-04-12 17:15:28,670 - ERROR - Error processing row: current transaction is aborted, commands ignored until end of transaction block

2025-04-12 17:15:28,672 - ERROR - Error processing row: current transaction is aborted, commands ignored until end of transaction block

2025-04-12 17:15:28,674 - ERROR - Error processing row: current transaction is aborted, commands ignored until end of transaction block

2025-04-12 17:15:28,676 - ERROR - Error processing row: current transaction is aborted, commands ignored until end of transaction block

2025-04-12 17:15:28,678 - ERROR - Error processing row: current transaction is aborted, commands ignored until end of transaction block

2025-04-12 17:15:28,679 - ERROR - Error processing row: current transaction is aborted, commands ignored until end of transaction block

2025-04-12 17:15:28,681 - ERROR - Error processing row: current transaction is aborted, commands ignored until end of transaction block

2025-04-12 17:15:28,682 - ERROR - Error processing row: current transaction is aborted, commands ignored until end of transaction block

2025-04-12 17:15:28,683 - ERROR - Error processing row: current transaction is aborted, commands ignored until end of transaction block

2025-04-12 17:15:28,684 - ERROR - Error processing row: current transaction is aborted, commands ignored until end of transaction block

2025-04-12 17:15:28,687 - ERROR - Error processing row: current transaction is aborted, commands ignored until end of transaction block

2025-04-12 17:15:28,689 - ERROR - Error processing row: current transaction is aborted, commands ignored until end of transaction block

2025-04-12 17:15:28,692 - ERROR - Error processing row: current transaction is aborted, commands ignored until end of transaction block

2025-04-12 17:15:28,693 - ERROR - Error processing row: current transaction is aborted, commands ignored until end of transaction block

2025-04-12 17:15:28,695 - ERROR - Error processing row: current transaction is aborted, commands ignored until end of transaction block

2025-04-12 17:15:28,696 - ERROR - Error processing row: current transaction is aborted, commands ignored until end of transaction block

2025-04-12 17:15:28,698 - ERROR - Error processing row: current transaction is aborted, commands ignored until end of transaction block

2025-04-12 17:15:28,699 - ERROR - Error processing row: current transaction is aborted, commands ignored until end of transaction block

2025-04-12 17:15:28,700 - ERROR - Error processing row: current transaction is aborted, commands ignored until end of transaction block

2025-04-12 17:15:28,701 - ERROR - Error processing row: current transaction is aborted, commands ignored until end of transaction block

2025-04-12 17:15:28,703 - ERROR - Error processing row: current transaction is aborted, commands ignored until end of transaction block

2025-04-12 17:15:28,707 - ERROR - Error processing row: current transaction is aborted, commands ignored until end of transaction block

2025-04-12 17:15:28,710 - ERROR - Error processing row: current transaction is aborted, commands ignored until end of transaction block

2025-04-12 17:15:28,712 - ERROR - Error processing row: current transaction is aborted, commands ignored until end of transaction block

2025-04-12 17:15:28,715 - ERROR - Error processing row: current transaction is aborted, commands ignored until end of transaction block

2025-04-12 17:15:28,717 - ERROR - Error processing row: current transaction is aborted, commands ignored until end of transaction block

2025-04-12 17:15:28,723 - ERROR - Error processing row: current transaction is aborted, commands ignored until end of transaction block

2025-04-12 17:15:28,726 - ERROR - Error processing row: current transaction is aborted, commands ignored until end of transaction block

2025-04-12 17:15:28,730 - ERROR - Error processing row: current transaction is aborted, commands ignored until end of transaction block

2025-04-12 17:15:28,732 - ERROR - Error processing row: current transaction is aborted, commands ignored until end of transaction block

2025-04-12 17:15:28,734 - ERROR - Error processing row: current transaction is aborted, commands ignored until end of transaction block

2025-04-12 17:15:28,739 - ERROR - Error processing row: current transaction is aborted, commands ignored until end of transaction block

2025-04-12 17:15:28,742 - ERROR - Error processing row: current transaction is aborted, commands ignored until end of transaction block

2025-04-12 17:15:28,744 - ERROR - Error processing row: current transaction is aborted, commands ignored until end of transaction block

2025-04-12 17:15:28,746 - ERROR - Error processing row: current transaction is aborted, commands ignored until end of transaction block

2025-04-12 17:15:28,748 - ERROR - Error processing row: current transaction is aborted, commands ignored until end of transaction block

2025-04-12 17:15:28,750 - ERROR - Error processing row: current transaction is aborted, commands ignored until end of transaction block

2025-04-12 17:15:28,755 - ERROR - Error processing row: current transaction is aborted, commands ignored until end of transaction block

2025-04-12 17:15:28,757 - ERROR - Error processing row: current transaction is aborted, commands ignored until end of transaction block

2025-04-12 17:15:28,759 - ERROR - Error processing row: current transaction is aborted, commands ignored until end of transaction block

2025-04-12 17:15:28,762 - ERROR - Error processing row: current transaction is aborted, commands ignored until end of transaction block

2025-04-12 17:15:28,764 - ERROR - Error processing row: current transaction is aborted, commands ignored until end of transaction block

2025-04-12 17:15:28,765 - ERROR - Error processing row: current transaction is aborted, commands ignored until end of transaction block

2025-04-12 17:15:28,767 - ERROR - Error processing row: current transaction is aborted, commands ignored until end of transaction block

2025-04-12 17:15:28,772 - ERROR - Error processing row: current transaction is aborted, commands ignored until end of transaction block

2025-04-12 17:15:28,773 - ERROR - Error processing row: current transaction is aborted, commands ignored until end of transaction block

2025-04-12 17:15:28,775 - ERROR - Error processing row: current transaction is aborted, commands ignored until end of transaction block

2025-04-12 17:15:28,777 - ERROR - Error processing row: current transaction is aborted, commands ignored until end of transaction block

2025-04-12 17:15:28,778 - ERROR - Error processing row: current transaction is aborted, commands ignored until end of transaction block

2025-04-12 17:15:28,780 - ERROR - Error processing row: current transaction is aborted, commands ignored until end of transaction block

2025-04-12 17:15:28,781 - ERROR - Error processing row: current transaction is aborted, commands ignored until end of transaction block

2025-04-12 17:15:28,784 - ERROR - Error processing row: current transaction is aborted, commands ignored until end of transaction block

2025-04-12 17:15:28,791 - ERROR - Error processing row: current transaction is aborted, commands ignored until end of transaction block

2025-04-12 17:15:28,795 - ERROR - Error processing row: current transaction is aborted, commands ignored until end of transaction block

2025-04-12 17:15:28,798 - ERROR - Error processing row: current transaction is aborted, commands ignored until end of transaction block

2025-04-12 17:15:28,800 - ERROR - Error processing row: current transaction is aborted, commands ignored until end of transaction block

2025-04-12 17:15:28,801 - ERROR - Error processing row: current transaction is aborted, commands ignored until end of transaction block

2025-04-12 17:15:28,806 - ERROR - Error processing row: current transaction is aborted, commands ignored until end of transaction block

2025-04-12 17:15:28,809 - ERROR - Error processing row: current transaction is aborted, commands ignored until end of transaction block

2025-04-12 17:15:28,811 - ERROR - Error processing row: current transaction is aborted, commands ignored until end of transaction block

2025-04-12 17:15:28,814 - ERROR - Error processing row: current transaction is aborted, commands ignored until end of transaction block

2025-04-12 17:15:28,816 - ERROR - Error processing row: current transaction is aborted, commands ignored until end of transaction block

2025-04-12 17:15:28,818 - ERROR - Error processing row: current transaction is aborted, commands ignored until end of transaction block

2025-04-12 17:15:28,823 - ERROR - Error processing row: current transaction is aborted, commands ignored until end of transaction block

2025-04-12 17:15:28,825 - ERROR - Error processing row: current transaction is aborted, commands ignored until end of transaction block

2025-04-12 17:15:28,827 - ERROR - Error processing row: current transaction is aborted, commands ignored until end of transaction block

2025-04-12 17:15:28,830 - ERROR - Error processing row: current transaction is aborted, commands ignored until end of transaction block

2025-04-12 17:15:28,832 - ERROR - Error processing row: current transaction is aborted, commands ignored until end of transaction block

2025-04-12 17:15:28,833 - ERROR - Error processing row: current transaction is aborted, commands ignored until end of transaction block

2025-04-12 17:15:28,835 - ERROR - Error processing row: current transaction is aborted, commands ignored until end of transaction block

2025-04-12 17:15:28,839 - ERROR - Error processing row: current transaction is aborted, commands ignored until end of transaction block

2025-04-12 17:15:28,842 - ERROR - Error processing row: current transaction is aborted, commands ignored until end of transaction block

2025-04-12 17:15:28,845 - ERROR - Error processing row: current transaction is aborted, commands ignored until end of transaction block

2025-04-12 17:15:28,847 - ERROR - Error processing row: current transaction is aborted, commands ignored until end of transaction block

2025-04-12 17:15:28,848 - ERROR - Error processing row: current transaction is aborted, commands ignored until end of transaction block

2025-04-12 17:15:28,849 - ERROR - Error processing row: current transaction is aborted, commands ignored until end of transaction block

2025-04-12 17:15:28,851 - ERROR - Error processing row: current transaction is aborted, commands ignored until end of transaction block

2025-04-12 17:15:28,852 - ERROR - Error processing row: current transaction is aborted, commands ignored until end of transaction block

2025-04-12 17:15:28,854 - ERROR - Error processing row: current transaction is aborted, commands ignored until end of transaction block

2025-04-12 17:15:28,855 - ERROR - Error processing row: current transaction is aborted, commands ignored until end of transaction block

2025-04-12 17:15:28,857 - ERROR - Error processing row: current transaction is aborted, commands ignored until end of transaction block

2025-04-12 17:15:28,859 - ERROR - Error processing row: current transaction is aborted, commands ignored until end of transaction block

2025-04-12 17:15:28,862 - ERROR - Error processing row: current transaction is aborted, commands ignored until end of transaction block

2025-04-12 17:15:28,863 - ERROR - Error processing row: current transaction is aborted, commands ignored until end of transaction block

2025-04-12 17:15:28,864 - ERROR - Error processing row: current transaction is aborted, commands ignored until end of transaction block

2025-04-12 17:15:28,866 - ERROR - Error processing row: current transaction is aborted, commands ignored until end of transaction block

2025-04-12 17:15:28,867 - ERROR - Error processing row: current transaction is aborted, commands ignored until end of transaction block

2025-04-12 17:15:28,869 - ERROR - Error processing row: current transaction is aborted, commands ignored until end of transaction block

2025-04-12 17:15:28,872 - ERROR - Error processing row: current transaction is aborted, commands ignored until end of transaction block

2025-04-12 17:15:28,874 - ERROR - Error processing row: current transaction is aborted, commands ignored until end of transaction block

2025-04-12 17:15:28,877 - ERROR - Error processing row: current transaction is aborted, commands ignored until end of transaction block

2025-04-12 17:15:28,879 - ERROR - Error processing row: current transaction is aborted, commands ignored until end of transaction block

2025-04-12 17:15:28,881 - ERROR - Error processing row: current transaction is aborted, commands ignored until end of transaction block

2025-04-12 17:15:28,882 - ERROR - Error processing row: current transaction is aborted, commands ignored until end of transaction block

2025-04-12 17:15:28,884 - ERROR - Error processing row: current transaction is aborted, commands ignored until end of transaction block

2025-04-12 17:15:28,886 - ERROR - Error processing row: current transaction is aborted, commands ignored until end of transaction block

2025-04-12 17:15:28,888 - ERROR - Error processing row: current transaction is aborted, commands ignored until end of transaction block

2025-04-12 17:15:28,890 - ERROR - Error processing row: current transaction is aborted, commands ignored until end of transaction block

2025-04-12 17:15:28,893 - ERROR - Error processing row: current transaction is aborted, commands ignored until end of transaction block

2025-04-12 17:15:28,895 - ERROR - Error processing row: current transaction is aborted, commands ignored until end of transaction block

2025-04-12 17:15:28,897 - ERROR - Error processing row: current transaction is aborted, commands ignored until end of transaction block

2025-04-12 17:15:28,898 - ERROR - Error processing row: current transaction is aborted, commands ignored until end of transaction block

2025-04-12 17:15:28,900 - ERROR - Error processing row: current transaction is aborted, commands ignored until end of transaction block

2025-04-12 17:15:28,902 - ERROR - Error processing row: current transaction is aborted, commands ignored until end of transaction block

2025-04-12 17:15:28,906 - ERROR - Error processing row: current transaction is aborted, commands ignored until end of transaction block

2025-04-12 17:15:28,908 - ERROR - Error processing row: current transaction is aborted, commands ignored until end of transaction block

2025-04-12 17:15:28,910 - ERROR - Error processing row: current transaction is aborted, commands ignored until end of transaction block

2025-04-12 17:15:28,912 - ERROR - Error processing row: current transaction is aborted, commands ignored until end of transaction block

2025-04-12 17:15:28,914 - ERROR - Error processing row: current transaction is aborted, commands ignored until end of transaction block

2025-04-12 17:15:28,915 - ERROR - Error processing row: current transaction is aborted, commands ignored until end of transaction block

2025-04-12 17:15:28,917 - ERROR - Error processing row: current transaction is aborted, commands ignored until end of transaction block

2025-04-12 17:15:28,919 - ERROR - Error processing row: current transaction is aborted, commands ignored until end of transaction block

2025-04-12 17:15:28,922 - ERROR - Error processing row: current transaction is aborted, commands ignored until end of transaction block

2025-04-12 17:15:28,926 - ERROR - Error processing row: current transaction is aborted, commands ignored until end of transaction block

2025-04-12 17:15:28,928 - ERROR - Error processing row: current transaction is aborted, commands ignored until end of transaction block

2025-04-12 17:15:28,930 - ERROR - Error processing row: current transaction is aborted, commands ignored until end of transaction block

2025-04-12 17:15:28,931 - ERROR - Error processing row: current transaction is aborted, commands ignored until end of transaction block

2025-04-12 17:15:28,933 - ERROR - Error processing row: current transaction is aborted, commands ignored until end of transaction block

2025-04-12 17:15:28,935 - ERROR - Error processing row: current transaction is aborted, commands ignored until end of transaction block

2025-04-12 17:15:28,936 - ERROR - Error processing row: current transaction is aborted, commands ignored until end of transaction block

2025-04-12 17:15:28,939 - ERROR - Error processing row: current transaction is aborted, commands ignored until end of transaction block

2025-04-12 17:15:28,942 - ERROR - Error processing row: current transaction is aborted, commands ignored until end of transaction block

2025-04-12 17:15:28,944 - ERROR - Error processing row: current transaction is aborted, commands ignored until end of transaction block

2025-04-12 17:15:28,946 - ERROR - Error processing row: current transaction is aborted, commands ignored until end of transaction block

2025-04-12 17:15:28,947 - ERROR - Error processing row: current transaction is aborted, commands ignored until end of transaction block

2025-04-12 17:15:28,949 - ERROR - Error processing row: current transaction is aborted, commands ignored until end of transaction block

2025-04-12 17:15:28,951 - ERROR - Error processing row: current transaction is aborted, commands ignored until end of transaction block

2025-04-12 17:15:28,952 - ERROR - Error processing row: current transaction is aborted, commands ignored until end of transaction block

2025-04-12 17:15:28,956 - ERROR - Error processing row: current transaction is aborted, commands ignored until end of transaction block

2025-04-12 17:15:28,958 - ERROR - Error processing row: current transaction is aborted, commands ignored until end of transaction block

2025-04-12 17:15:28,960 - ERROR - Error processing row: current transaction is aborted, commands ignored until end of transaction block

2025-04-12 17:15:28,962 - ERROR - Error processing row: current transaction is aborted, commands ignored until end of transaction block

2025-04-12 17:15:28,964 - ERROR - Error processing row: current transaction is aborted, commands ignored until end of transaction block

2025-04-12 17:15:28,966 - ERROR - Error processing row: current transaction is aborted, commands ignored until end of transaction block

2025-04-12 17:15:28,967 - ERROR - Error processing row: current transaction is aborted, commands ignored until end of transaction block

2025-04-12 17:15:28,969 - ERROR - Error processing row: current transaction is aborted, commands ignored until end of transaction block

2025-04-12 17:15:28,972 - ERROR - Error processing row: current transaction is aborted, commands ignored until end of transaction block

2025-04-12 17:15:28,975 - ERROR - Error processing row: current transaction is aborted, commands ignored until end of transaction block

2025-04-12 17:15:28,977 - ERROR - Error processing row: current transaction is aborted, commands ignored until end of transaction block

2025-04-12 17:15:28,979 - ERROR - Error processing row: current transaction is aborted, commands ignored until end of transaction block

2025-04-12 17:15:28,981 - ERROR - Error processing row: current transaction is aborted, commands ignored until end of transaction block

2025-04-12 17:15:28,983 - ERROR - Error processing row: current transaction is aborted, commands ignored until end of transaction block

2025-04-12 17:15:28,984 - ERROR - Error processing row: current transaction is aborted, commands ignored until end of transaction block

2025-04-12 17:15:28,987 - ERROR - Error processing row: current transaction is aborted, commands ignored until end of transaction block

2025-04-12 17:15:28,990 - ERROR - Error processing row: current transaction is aborted, commands ignored until end of transaction block

2025-04-12 17:15:28,992 - ERROR - Error processing row: current transaction is aborted, commands ignored until end of transaction block

2025-04-12 17:15:28,995 - ERROR - Error processing row: current transaction is aborted, commands ignored until end of transaction block

2025-04-12 17:15:28,996 - ERROR - Error processing row: current transaction is aborted, commands ignored until end of transaction block

2025-04-12 17:15:28,998 - ERROR - Error processing row: current transaction is aborted, commands ignored until end of transaction block

2025-04-12 17:15:29,000 - ERROR - Error processing row: current transaction is aborted, commands ignored until end of transaction block

2025-04-12 17:15:29,001 - ERROR - Error processing row: current transaction is aborted, commands ignored until end of transaction block

2025-04-12 17:15:29,006 - ERROR - Error processing row: current transaction is aborted, commands ignored until end of transaction block

2025-04-12 17:15:29,008 - ERROR - Error processing row: current transaction is aborted, commands ignored until end of transaction block

2025-04-12 17:15:29,010 - ERROR - Error processing row: current transaction is aborted, commands ignored until end of transaction block

2025-04-12 17:15:29,011 - ERROR - Error processing row: current transaction is aborted, commands ignored until end of transaction block

2025-04-12 17:15:29,013 - ERROR - Error processing row: current transaction is aborted, commands ignored until end of transaction block

2025-04-12 17:15:29,015 - ERROR - Error processing row: current transaction is aborted, commands ignored until end of transaction block

2025-04-12 17:15:29,016 - ERROR - Error processing row: current transaction is aborted, commands ignored until end of transaction block

2025-04-12 17:15:29,019 - ERROR - Error processing row: current transaction is aborted, commands ignored until end of transaction block

2025-04-12 17:15:29,021 - ERROR - Error processing row: current transaction is aborted, commands ignored until end of transaction block

2025-04-12 17:15:29,023 - ERROR - Error processing row: current transaction is aborted, commands ignored until end of transaction block

2025-04-12 17:15:29,026 - ERROR - Error processing row: current transaction is aborted, commands ignored until end of transaction block

2025-04-12 17:15:29,028 - ERROR - Error processing row: current transaction is aborted, commands ignored until end of transaction block

2025-04-12 17:15:29,030 - ERROR - Error processing row: current transaction is aborted, commands ignored until end of transaction block

2025-04-12 17:15:29,032 - ERROR - Error processing row: current transaction is aborted, commands ignored until end of transaction block

2025-04-12 17:15:29,033 - ERROR - Error processing row: current transaction is aborted, commands ignored until end of transaction block

2025-04-12 17:15:29,036 - ERROR - Error processing row: current transaction is aborted, commands ignored until end of transaction block

2025-04-12 17:15:29,040 - ERROR - Error processing row: current transaction is aborted, commands ignored until end of transaction block

2025-04-12 17:15:29,042 - ERROR - Error processing row: current transaction is aborted, commands ignored until end of transaction block

2025-04-12 17:15:29,045 - ERROR - Error processing row: current transaction is aborted, commands ignored until end of transaction block

2025-04-12 17:15:29,046 - ERROR - Error processing row: current transaction is aborted, commands ignored until end of transaction block

2025-04-12 17:15:29,048 - ERROR - Error processing row: current transaction is aborted, commands ignored until end of transaction block

2025-04-12 17:15:29,050 - ERROR - Error processing row: current transaction is aborted, commands ignored until end of transaction block

2025-04-12 17:15:29,051 - ERROR - Error processing row: current transaction is aborted, commands ignored until end of transaction block

2025-04-12 17:15:29,053 - ERROR - Error processing row: current transaction is aborted, commands ignored until end of transaction block

2025-04-12 17:15:29,055 - ERROR - Error processing row: current transaction is aborted, commands ignored until end of transaction block

2025-04-12 17:15:29,057 - ERROR - Error processing row: current transaction is aborted, commands ignored until end of transaction block

2025-04-12 17:15:29,059 - ERROR - Error processing row: current transaction is aborted, commands ignored until end of transaction block

2025-04-12 17:15:29,061 - ERROR - Error processing row: current transaction is aborted, commands ignored until end of transaction block

2025-04-12 17:15:29,062 - ERROR - Error processing row: current transaction is aborted, commands ignored until end of transaction block

2025-04-12 17:15:29,064 - ERROR - Error processing row: current transaction is aborted, commands ignored until end of transaction block

2025-04-12 17:15:29,066 - ERROR - Error processing row: current transaction is aborted, commands ignored until end of transaction block

2025-04-12 17:15:29,068 - ERROR - Error processing row: current transaction is aborted, commands ignored until end of transaction block

2025-04-12 17:15:29,072 - ERROR - Error processing row: current transaction is aborted, commands ignored until end of transaction block

2025-04-12 17:15:29,074 - ERROR - Error processing row: current transaction is aborted, commands ignored until end of transaction block

2025-04-12 17:15:29,077 - ERROR - Error processing row: current transaction is aborted, commands ignored until end of transaction block

2025-04-12 17:15:29,079 - ERROR - Error processing row: current transaction is aborted, commands ignored until end of transaction block

2025-04-12 17:15:29,081 - ERROR - Error processing row: current transaction is aborted, commands ignored until end of transaction block

2025-04-12 17:15:29,084 - ERROR - Error processing row: current transaction is aborted, commands ignored until end of transaction block

2025-04-12 17:15:29,087 - ERROR - Error processing row: current transaction is aborted, commands ignored until end of transaction block

2025-04-12 17:15:29,090 - ERROR - Error processing row: current transaction is aborted, commands ignored until end of transaction block

2025-04-12 17:15:29,092 - ERROR - Error processing row: current transaction is aborted, commands ignored until end of transaction block

2025-04-12 17:15:29,094 - ERROR - Error processing row: current transaction is aborted, commands ignored until end of transaction block

2025-04-12 17:15:29,098 - ERROR - Error processing row: current transaction is aborted, commands ignored until end of transaction block

2025-04-12 17:15:29,100 - ERROR - Error processing row: current transaction is aborted, commands ignored until end of transaction block

2025-04-12 17:15:29,102 - ERROR - Error processing row: current transaction is aborted, commands ignored until end of transaction block

2025-04-12 17:15:29,105 - ERROR - Error processing row: current transaction is aborted, commands ignored until end of transaction block

2025-04-12 17:15:29,107 - ERROR - Error processing row: current transaction is aborted, commands ignored until end of transaction block

2025-04-12 17:15:29,109 - ERROR - Error processing row: current transaction is aborted, commands ignored until end of transaction block

2025-04-12 17:15:29,111 - ERROR - Error processing row: current transaction is aborted, commands ignored until end of transaction block

2025-04-12 17:15:29,113 - ERROR - Error processing row: current transaction is aborted, commands ignored until end of transaction block

2025-04-12 17:15:29,115 - ERROR - Error processing row: current transaction is aborted, commands ignored until end of transaction block

2025-04-12 17:15:29,116 - ERROR - Error processing row: current transaction is aborted, commands ignored until end of transaction block

2025-04-12 17:15:29,118 - ERROR - Error processing row: current transaction is aborted, commands ignored until end of transaction block

2025-04-12 17:15:29,120 - ERROR - Error processing row: current transaction is aborted, commands ignored until end of transaction block

2025-04-12 17:15:29,122 - ERROR - Error processing row: current transaction is aborted, commands ignored until end of transaction block

2025-04-12 17:15:29,124 - ERROR - Error processing row: current transaction is aborted, commands ignored until end of transaction block

2025-04-12 17:15:29,126 - ERROR - Error processing row: current transaction is aborted, commands ignored until end of transaction block

2025-04-12 17:15:29,128 - ERROR - Error processing row: current transaction is aborted, commands ignored until end of transaction block

2025-04-12 17:15:29,130 - ERROR - Error processing row: current transaction is aborted, commands ignored until end of transaction block

2025-04-12 17:15:29,131 - ERROR - Error processing row: current transaction is aborted, commands ignored until end of transaction block

2025-04-12 17:15:29,132 - ERROR - Error processing row: current transaction is aborted, commands ignored until end of transaction block

2025-04-12 17:15:29,133 - ERROR - Error processing row: current transaction is aborted, commands ignored until end of transaction block

2025-04-12 17:15:29,135 - ERROR - Error processing row: current transaction is aborted, commands ignored until end of transaction block

2025-04-12 17:15:29,136 - ERROR - Error processing row: current transaction is aborted, commands ignored until end of transaction block

2025-04-12 17:15:29,138 - ERROR - Error processing row: current transaction is aborted, commands ignored until end of transaction block

2025-04-12 17:15:29,140 - ERROR - Error processing row: current transaction is aborted, commands ignored until end of transaction block

2025-04-12 17:15:29,142 - ERROR - Error processing row: current transaction is aborted, commands ignored until end of transaction block

2025-04-12 17:15:29,144 - ERROR - Error processing row: current transaction is aborted, commands ignored until end of transaction block

2025-04-12 17:15:29,145 - ERROR - Error processing row: current transaction is aborted, commands ignored until end of transaction block

2025-04-12 17:15:29,146 - ERROR - Error processing row: current transaction is aborted, commands ignored until end of transaction block

2025-04-12 17:15:29,148 - ERROR - Error processing row: current transaction is aborted, commands ignored until end of transaction block

2025-04-12 17:15:29,149 - ERROR - Error processing row: current transaction is aborted, commands ignored until end of transaction block

2025-04-12 17:15:29,150 - ERROR - Error processing row: current transaction is aborted, commands ignored until end of transaction block

2025-04-12 17:15:29,151 - ERROR - Error processing row: current transaction is aborted, commands ignored until end of transaction block

2025-04-12 17:15:29,153 - ERROR - Error processing row: current transaction is aborted, commands ignored until end of transaction block

2025-04-12 17:15:29,154 - ERROR - Error processing row: current transaction is aborted, commands ignored until end of transaction block

2025-04-12 17:15:29,156 - ERROR - Error processing row: current transaction is aborted, commands ignored until end of transaction block

2025-04-12 17:15:29,158 - ERROR - Error processing row: current transaction is aborted, commands ignored until end of transaction block

2025-04-12 17:15:29,160 - ERROR - Error processing row: current transaction is aborted, commands ignored until end of transaction block

2025-04-12 17:15:29,162 - ERROR - Error processing row: current transaction is aborted, commands ignored until end of transaction block

2025-04-12 17:15:29,164 - ERROR - Error processing row: current transaction is aborted, commands ignored until end of transaction block

2025-04-12 17:15:29,165 - ERROR - Error processing row: current transaction is aborted, commands ignored until end of transaction block

2025-04-12 17:15:29,166 - ERROR - Error processing row: current transaction is aborted, commands ignored until end of transaction block

2025-04-12 17:15:29,167 - ERROR - Error processing row: current transaction is aborted, commands ignored until end of transaction block

2025-04-12 17:15:29,169 - ERROR - Error processing row: current transaction is aborted, commands ignored until end of transaction block

2025-04-12 17:15:29,171 - ERROR - Error processing row: current transaction is aborted, commands ignored until end of transaction block

2025-04-12 17:15:29,174 - ERROR - Error processing row: current transaction is aborted, commands ignored until end of transaction block

2025-04-12 17:15:29,176 - ERROR - Error processing row: current transaction is aborted, commands ignored until end of transaction block

2025-04-12 17:15:29,179 - ERROR - Error processing row: current transaction is aborted, commands ignored until end of transaction block

2025-04-12 17:15:29,180 - ERROR - Error processing row: current transaction is aborted, commands ignored until end of transaction block

2025-04-12 17:15:29,182 - ERROR - Error processing row: current transaction is aborted, commands ignored until end of transaction block

2025-04-12 17:15:29,183 - ERROR - Error processing row: current transaction is aborted, commands ignored until end of transaction block

2025-04-12 17:15:29,185 - ERROR - Error processing row: current transaction is aborted, commands ignored until end of transaction block

2025-04-12 17:15:29,187 - ERROR - Error processing row: current transaction is aborted, commands ignored until end of transaction block

2025-04-12 17:15:29,190 - ERROR - Error processing row: current transaction is aborted, commands ignored until end of transaction block

2025-04-12 17:15:29,193 - ERROR - Error processing row: current transaction is aborted, commands ignored until end of transaction block

2025-04-12 17:15:29,195 - ERROR - Error processing row: current transaction is aborted, commands ignored until end of transaction block

2025-04-12 17:15:29,196 - ERROR - Error processing row: current transaction is aborted, commands ignored until end of transaction block

2025-04-12 17:15:29,198 - ERROR - Error processing row: current transaction is aborted, commands ignored until end of transaction block

2025-04-12 17:15:29,199 - ERROR - Error processing row: current transaction is aborted, commands ignored until end of transaction block

2025-04-12 17:15:29,200 - ERROR - Error processing row: current transaction is aborted, commands ignored until end of transaction block

2025-04-12 17:15:29,201 - ERROR - Error processing row: current transaction is aborted, commands ignored until end of transaction block

2025-04-12 17:15:29,203 - ERROR - Error processing row: current transaction is aborted, commands ignored until end of transaction block

2025-04-12 17:15:29,206 - ERROR - Error processing row: current transaction is aborted, commands ignored until end of transaction block

2025-04-12 17:15:29,208 - ERROR - Error processing row: current transaction is aborted, commands ignored until end of transaction block

2025-04-12 17:15:29,210 - ERROR - Error processing row: current transaction is aborted, commands ignored until end of transaction block

2025-04-12 17:15:29,212 - ERROR - Error processing row: current transaction is aborted, commands ignored until end of transaction block

2025-04-12 17:15:29,213 - ERROR - Error processing row: current transaction is aborted, commands ignored until end of transaction block

2025-04-12 17:15:29,215 - ERROR - Error processing row: current transaction is aborted, commands ignored until end of transaction block

2025-04-12 17:15:29,217 - ERROR - Error processing row: current transaction is aborted, commands ignored until end of transaction block

2025-04-12 17:15:29,218 - ERROR - Error processing row: current transaction is aborted, commands ignored until end of transaction block

2025-04-12 17:15:29,221 - ERROR - Error processing row: current transaction is aborted, commands ignored until end of transaction block

2025-04-12 17:15:29,223 - ERROR - Error processing row: current transaction is aborted, commands ignored until end of transaction block

2025-04-12 17:15:29,225 - ERROR - Error processing row: current transaction is aborted, commands ignored until end of transaction block

2025-04-12 17:15:29,227 - ERROR - Error processing row: current transaction is aborted, commands ignored until end of transaction block

2025-04-12 17:15:29,228 - ERROR - Error processing row: current transaction is aborted, commands ignored until end of transaction block

2025-04-12 17:15:29,230 - ERROR - Error processing row: current transaction is aborted, commands ignored until end of transaction block

2025-04-12 17:15:29,231 - ERROR - Error processing row: current transaction is aborted, commands ignored until end of transaction block

2025-04-12 17:15:29,232 - ERROR - Error processing row: current transaction is aborted, commands ignored until end of transaction block

2025-04-12 17:15:29,233 - ERROR - Error processing row: current transaction is aborted, commands ignored until end of transaction block

2025-04-12 17:15:29,235 - ERROR - Error processing row: current transaction is aborted, commands ignored until end of transaction block

2025-04-12 17:15:29,237 - ERROR - Error processing row: current transaction is aborted, commands ignored until end of transaction block

2025-04-12 17:15:29,240 - ERROR - Error processing row: current transaction is aborted, commands ignored until end of transaction block

2025-04-12 17:15:29,242 - ERROR - Error processing row: current transaction is aborted, commands ignored until end of transaction block

2025-04-12 17:15:29,244 - ERROR - Error processing row: current transaction is aborted, commands ignored until end of transaction block

2025-04-12 17:15:29,245 - ERROR - Error processing row: current transaction is aborted, commands ignored until end of transaction block

2025-04-12 17:15:29,247 - ERROR - Error processing row: current transaction is aborted, commands ignored until end of transaction block

2025-04-12 17:15:29,248 - ERROR - Error processing row: current transaction is aborted, commands ignored until end of transaction block

2025-04-12 17:15:29,249 - ERROR - Error processing row: current transaction is aborted, commands ignored until end of transaction block

2025-04-12 17:15:29,250 - ERROR - Error processing row: current transaction is aborted, commands ignored until end of transaction block

2025-04-12 17:15:29,253 - ERROR - Error processing row: current transaction is aborted, commands ignored until end of transaction block

2025-04-12 17:15:29,256 - ERROR - Error processing row: current transaction is aborted, commands ignored until end of transaction block

2025-04-12 17:15:29,258 - ERROR - Error processing row: current transaction is aborted, commands ignored until end of transaction block

2025-04-12 17:15:29,260 - ERROR - Error processing row: current transaction is aborted, commands ignored until end of transaction block

2025-04-12 17:15:29,262 - ERROR - Error processing row: current transaction is aborted, commands ignored until end of transaction block

2025-04-12 17:15:29,264 - ERROR - Error processing row: current transaction is aborted, commands ignored until end of transaction block

2025-04-12 17:15:29,266 - ERROR - Error processing row: current transaction is aborted, commands ignored until end of transaction block

2025-04-12 17:15:29,268 - ERROR - Error processing row: current transaction is aborted, commands ignored until end of transaction block

2025-04-12 17:15:29,271 - ERROR - Error processing row: current transaction is aborted, commands ignored until end of transaction block

2025-04-12 17:15:29,273 - ERROR - Error processing row: current transaction is aborted, commands ignored until end of transaction block

2025-04-12 17:15:29,275 - ERROR - Error processing row: current transaction is aborted, commands ignored until end of transaction block

2025-04-12 17:15:29,277 - ERROR - Error processing row: current transaction is aborted, commands ignored until end of transaction block

2025-04-12 17:15:29,279 - ERROR - Error processing row: current transaction is aborted, commands ignored until end of transaction block

2025-04-12 17:15:29,280 - ERROR - Error processing row: current transaction is aborted, commands ignored until end of transaction block

2025-04-12 17:15:29,281 - ERROR - Error processing row: current transaction is aborted, commands ignored until end of transaction block

2025-04-12 17:15:29,282 - ERROR - Error processing row: current transaction is aborted, commands ignored until end of transaction block

2025-04-12 17:15:29,284 - ERROR - Error processing row: current transaction is aborted, commands ignored until end of transaction block

2025-04-12 17:15:29,286 - ERROR - Error processing row: current transaction is aborted, commands ignored until end of transaction block

2025-04-12 17:15:29,288 - ERROR - Error processing row: current transaction is aborted, commands ignored until end of transaction block

2025-04-12 17:15:29,290 - ERROR - Error processing row: current transaction is aborted, commands ignored until end of transaction block

2025-04-12 17:15:29,292 - ERROR - Error processing row: current transaction is aborted, commands ignored until end of transaction block

2025-04-12 17:15:29,294 - ERROR - Error processing row: current transaction is aborted, commands ignored until end of transaction block

2025-04-12 17:15:29,296 - ERROR - Error processing row: current transaction is aborted, commands ignored until end of transaction block

2025-04-12 17:15:29,297 - ERROR - Error processing row: current transaction is aborted, commands ignored until end of transaction block

2025-04-12 17:15:29,298 - ERROR - Error processing row: current transaction is aborted, commands ignored until end of transaction block

2025-04-12 17:15:29,300 - ERROR - Error processing row: current transaction is aborted, commands ignored until end of transaction block

2025-04-12 17:15:29,301 - ERROR - Error processing row: current transaction is aborted, commands ignored until end of transaction block

2025-04-12 17:15:29,302 - ERROR - Error processing row: current transaction is aborted, commands ignored until end of transaction block

2025-04-12 17:15:29,304 - ERROR - Error processing row: current transaction is aborted, commands ignored until end of transaction block

2025-04-12 17:15:29,306 - ERROR - Error processing row: current transaction is aborted, commands ignored until end of transaction block

2025-04-12 17:15:29,308 - ERROR - Error processing row: current transaction is aborted, commands ignored until end of transaction block

2025-04-12 17:15:29,310 - ERROR - Error processing row: current transaction is aborted, commands ignored until end of transaction block

2025-04-12 17:15:29,311 - ERROR - Error processing row: current transaction is aborted, commands ignored until end of transaction block

2025-04-12 17:15:29,313 - ERROR - Error processing row: current transaction is aborted, commands ignored until end of transaction block

2025-04-12 17:15:29,314 - ERROR - Error processing row: current transaction is aborted, commands ignored until end of transaction block

2025-04-12 17:15:29,316 - ERROR - Error processing row: current transaction is aborted, commands ignored until end of transaction block

2025-04-12 17:15:29,317 - ERROR - Error processing row: current transaction is aborted, commands ignored until end of transaction block

2025-04-12 17:15:29,319 - ERROR - Error processing row: current transaction is aborted, commands ignored until end of transaction block

2025-04-12 17:15:29,321 - ERROR - Error processing row: current transaction is aborted, commands ignored until end of transaction block

2025-04-12 17:15:29,322 - ERROR - Error processing row: current transaction is aborted, commands ignored until end of transaction block

2025-04-12 17:15:29,324 - ERROR - Error processing row: current transaction is aborted, commands ignored until end of transaction block

2025-04-12 17:15:29,326 - ERROR - Error processing row: current transaction is aborted, commands ignored until end of transaction block

2025-04-12 17:15:29,328 - ERROR - Error processing row: current transaction is aborted, commands ignored until end of transaction block

2025-04-12 17:15:29,330 - ERROR - Error processing row: current transaction is aborted, commands ignored until end of transaction block

2025-04-12 17:15:29,331 - ERROR - Error processing row: current transaction is aborted, commands ignored until end of transaction block

2025-04-12 17:15:29,333 - ERROR - Error processing row: current transaction is aborted, commands ignored until end of transaction block

2025-04-12 17:15:29,334 - ERROR - Error processing row: current transaction is aborted, commands ignored until end of transaction block

2025-04-12 17:15:29,335 - ERROR - Error processing row: current transaction is aborted, commands ignored until end of transaction block

2025-04-12 17:15:29,337 - ERROR - Error processing row: current transaction is aborted, commands ignored until end of transaction block

2025-04-12 17:15:29,339 - ERROR - Error processing row: current transaction is aborted, commands ignored until end of transaction block

2025-04-12 17:15:29,341 - ERROR - Error processing row: current transaction is aborted, commands ignored until end of transaction block

2025-04-12 17:15:29,343 - ERROR - Error processing row: current transaction is aborted, commands ignored until end of transaction block

2025-04-12 17:15:29,344 - ERROR - Error processing row: current transaction is aborted, commands ignored until end of transaction block

2025-04-12 17:15:29,346 - ERROR - Error processing row: current transaction is aborted, commands ignored until end of transaction block

2025-04-12 17:15:29,348 - ERROR - Error processing row: current transaction is aborted, commands ignored until end of transaction block

2025-04-12 17:15:29,350 - ERROR - Error processing row: current transaction is aborted, commands ignored until end of transaction block

2025-04-12 17:15:29,353 - ERROR - Error processing row: current transaction is aborted, commands ignored until end of transaction block

2025-04-12 17:15:29,356 - ERROR - Error processing row: current transaction is aborted, commands ignored until end of transaction block

2025-04-12 17:15:29,358 - ERROR - Error processing row: current transaction is aborted, commands ignored until end of transaction block

2025-04-12 17:15:29,361 - ERROR - Error processing row: current transaction is aborted, commands ignored until end of transaction block

2025-04-12 17:15:29,364 - ERROR - Error processing row: current transaction is aborted, commands ignored until end of transaction block

2025-04-12 17:15:29,365 - ERROR - Error processing row: current transaction is aborted, commands ignored until end of transaction block

2025-04-12 17:15:29,366 - ERROR - Error processing row: current transaction is aborted, commands ignored until end of transaction block

2025-04-12 17:15:29,368 - ERROR - Error processing row: current transaction is aborted, commands ignored until end of transaction block

2025-04-12 17:15:29,369 - ERROR - Error processing row: current transaction is aborted, commands ignored until end of transaction block

2025-04-12 17:15:29,370 - ERROR - Error processing row: current transaction is aborted, commands ignored until end of transaction block

2025-04-12 17:15:29,372 - ERROR - Error processing row: current transaction is aborted, commands ignored until end of transaction block

2025-04-12 17:15:29,374 - ERROR - Error processing row: current transaction is aborted, commands ignored until end of transaction block

2025-04-12 17:15:29,376 - ERROR - Error processing row: current transaction is aborted, commands ignored until end of transaction block

2025-04-12 17:15:29,379 - ERROR - Error processing row: current transaction is aborted, commands ignored until end of transaction block

2025-04-12 17:15:29,381 - ERROR - Error processing row: current transaction is aborted, commands ignored until end of transaction block

2025-04-12 17:15:29,383 - ERROR - Error processing row: current transaction is aborted, commands ignored until end of transaction block

2025-04-12 17:15:29,384 - ERROR - Error processing row: current transaction is aborted, commands ignored until end of transaction block

2025-04-12 17:15:29,385 - ERROR - Error processing row: current transaction is aborted, commands ignored until end of transaction block

2025-04-12 17:15:29,387 - ERROR - Error processing row: current transaction is aborted, commands ignored until end of transaction block

2025-04-12 17:15:29,389 - ERROR - Error processing row: current transaction is aborted, commands ignored until end of transaction block

2025-04-12 17:15:29,391 - ERROR - Error processing row: current transaction is aborted, commands ignored until end of transaction block

2025-04-12 17:15:29,393 - ERROR - Error processing row: current transaction is aborted, commands ignored until end of transaction block

2025-04-12 17:15:29,395 - ERROR - Error processing row: current transaction is aborted, commands ignored until end of transaction block

2025-04-12 17:15:29,397 - ERROR - Error processing row: current transaction is aborted, commands ignored until end of transaction block

2025-04-12 17:15:29,398 - ERROR - Error processing row: current transaction is aborted, commands ignored until end of transaction block

2025-04-12 17:15:29,399 - ERROR - Error processing row: current transaction is aborted, commands ignored until end of transaction block

2025-04-12 17:15:29,400 - ERROR - Error processing row: current transaction is aborted, commands ignored until end of transaction block

2025-04-12 17:15:29,402 - ERROR - Error processing row: current transaction is aborted, commands ignored until end of transaction block

2025-04-12 17:15:29,404 - ERROR - Error processing row: current transaction is aborted, commands ignored until end of transaction block

2025-04-12 17:15:29,406 - ERROR - Error processing row: current transaction is aborted, commands ignored until end of transaction block

2025-04-12 17:15:29,408 - ERROR - Error processing row: current transaction is aborted, commands ignored until end of transaction block

2025-04-12 17:15:29,410 - ERROR - Error processing row: current transaction is aborted, commands ignored until end of transaction block

2025-04-12 17:15:29,412 - ERROR - Error processing row: current transaction is aborted, commands ignored until end of transaction block

2025-04-12 17:15:29,413 - ERROR - Error processing row: current transaction is aborted, commands ignored until end of transaction block

2025-04-12 17:15:29,414 - ERROR - Error processing row: current transaction is aborted, commands ignored until end of transaction block

2025-04-12 17:15:29,416 - ERROR - Error processing row: current transaction is aborted, commands ignored until end of transaction block

2025-04-12 17:15:29,417 - ERROR - Error processing row: current transaction is aborted, commands ignored until end of transaction block

2025-04-12 17:15:29,418 - ERROR - Error processing row: current transaction is aborted, commands ignored until end of transaction block

2025-04-12 17:15:29,419 - ERROR - Error processing row: current transaction is aborted, commands ignored until end of transaction block

2025-04-12 17:15:29,421 - ERROR - Error processing row: current transaction is aborted, commands ignored until end of transaction block

2025-04-12 17:15:29,423 - ERROR - Error processing row: current transaction is aborted, commands ignored until end of transaction block

2025-04-12 17:15:29,426 - ERROR - Error processing row: current transaction is aborted, commands ignored until end of transaction block

2025-04-12 17:15:29,428 - ERROR - Error processing row: current transaction is aborted, commands ignored until end of transaction block

2025-04-12 17:15:29,429 - ERROR - Error processing row: current transaction is aborted, commands ignored until end of transaction block

2025-04-12 17:15:29,431 - ERROR - Error processing row: current transaction is aborted, commands ignored until end of transaction block

2025-04-12 17:15:29,432 - ERROR - Error processing row: current transaction is aborted, commands ignored until end of transaction block

2025-04-12 17:15:29,433 - ERROR - Error processing row: current transaction is aborted, commands ignored until end of transaction block

2025-04-12 17:15:29,434 - ERROR - Error processing row: current transaction is aborted, commands ignored until end of transaction block

2025-04-12 17:15:29,436 - ERROR - Error processing row: current transaction is aborted, commands ignored until end of transaction block

2025-04-12 17:15:29,437 - ERROR - Error processing row: current transaction is aborted, commands ignored until end of transaction block

2025-04-12 17:15:29,440 - ERROR - Error processing row: current transaction is aborted, commands ignored until end of transaction block

2025-04-12 17:15:29,442 - ERROR - Error processing row: current transaction is aborted, commands ignored until end of transaction block

2025-04-12 17:15:29,444 - ERROR - Error processing row: current transaction is aborted, commands ignored until end of transaction block

2025-04-12 17:15:29,445 - ERROR - Error processing row: current transaction is aborted, commands ignored until end of transaction block

2025-04-12 17:15:29,446 - ERROR - Error processing row: current transaction is aborted, commands ignored until end of transaction block

2025-04-12 17:15:29,448 - ERROR - Error processing row: current transaction is aborted, commands ignored until end of transaction block

2025-04-12 17:15:29,449 - ERROR - Error processing row: current transaction is aborted, commands ignored until end of transaction block

2025-04-12 17:15:29,450 - ERROR - Error processing row: current transaction is aborted, commands ignored until end of transaction block

2025-04-12 17:15:29,451 - INFO - Added 0 new records
2025-04-12 17:20:24,470 - INFO - Database table ready
2025-04-12 17:20:24,471 - INFO - Starting KAMIS scrape
2025-04-12 17:20:43,884 - ERROR - Error processing row: column "commodity" of relation "market_prices" does not exist
LINE 3:                     commodity, classification, grade, sex, m...
                            ^

2025-04-12 17:20:43,886 - ERROR - Error processing row: current transaction is aborted, commands ignored until end of transaction block

2025-04-12 17:20:43,888 - ERROR - Error processing row: current transaction is aborted, commands ignored until end of transaction block

2025-04-12 17:20:43,890 - ERROR - Error processing row: current transaction is aborted, commands ignored until end of transaction block

2025-04-12 17:20:43,892 - ERROR - Error processing row: current transaction is aborted, commands ignored until end of transaction block

2025-04-12 17:20:43,894 - ERROR - Error processing row: current transaction is aborted, commands ignored until end of transaction block

2025-04-12 17:20:43,896 - ERROR - Error processing row: current transaction is aborted, commands ignored until end of transaction block

2025-04-12 17:20:43,898 - ERROR - Error processing row: current transaction is aborted, commands ignored until end of transaction block

2025-04-12 17:20:43,902 - ERROR - Error processing row: current transaction is aborted, commands ignored until end of transaction block

2025-04-12 17:20:43,903 - ERROR - Error processing row: current transaction is aborted, commands ignored until end of transaction block

2025-04-12 17:20:43,905 - ERROR - Error processing row: current transaction is aborted, commands ignored until end of transaction block

2025-04-12 17:20:43,906 - ERROR - Error processing row: current transaction is aborted, commands ignored until end of transaction block

2025-04-12 17:20:43,907 - ERROR - Error processing row: current transaction is aborted, commands ignored until end of transaction block

2025-04-12 17:20:43,908 - ERROR - Error processing row: current transaction is aborted, commands ignored until end of transaction block

2025-04-12 17:20:43,910 - ERROR - Error processing row: current transaction is aborted, commands ignored until end of transaction block

2025-04-12 17:20:43,912 - ERROR - Error processing row: current transaction is aborted, commands ignored until end of transaction block

2025-04-12 17:20:43,913 - ERROR - Error processing row: current transaction is aborted, commands ignored until end of transaction block

2025-04-12 17:20:43,916 - ERROR - Error processing row: current transaction is aborted, commands ignored until end of transaction block

2025-04-12 17:20:43,918 - ERROR - Error processing row: current transaction is aborted, commands ignored until end of transaction block

2025-04-12 17:20:43,920 - ERROR - Error processing row: current transaction is aborted, commands ignored until end of transaction block

2025-04-12 17:20:43,921 - ERROR - Error processing row: current transaction is aborted, commands ignored until end of transaction block

2025-04-12 17:20:43,922 - ERROR - Error processing row: current transaction is aborted, commands ignored until end of transaction block

2025-04-12 17:20:43,923 - ERROR - Error processing row: current transaction is aborted, commands ignored until end of transaction block

2025-04-12 17:20:43,925 - ERROR - Error processing row: current transaction is aborted, commands ignored until end of transaction block

2025-04-12 17:20:43,926 - ERROR - Error processing row: current transaction is aborted, commands ignored until end of transaction block

2025-04-12 17:20:43,928 - ERROR - Error processing row: current transaction is aborted, commands ignored until end of transaction block

2025-04-12 17:20:43,929 - ERROR - Error processing row: current transaction is aborted, commands ignored until end of transaction block

2025-04-12 17:20:43,931 - ERROR - Error processing row: current transaction is aborted, commands ignored until end of transaction block

2025-04-12 17:20:43,934 - ERROR - Error processing row: current transaction is aborted, commands ignored until end of transaction block

2025-04-12 17:20:43,935 - ERROR - Error processing row: current transaction is aborted, commands ignored until end of transaction block

2025-04-12 17:20:43,936 - ERROR - Error processing row: current transaction is aborted, commands ignored until end of transaction block

2025-04-12 17:20:43,938 - ERROR - Error processing row: current transaction is aborted, commands ignored until end of transaction block

2025-04-12 17:20:43,939 - ERROR - Error processing row: current transaction is aborted, commands ignored until end of transaction block

2025-04-12 17:20:43,940 - ERROR - Error processing row: current transaction is aborted, commands ignored until end of transaction block

2025-04-12 17:20:43,941 - ERROR - Error processing row: current transaction is aborted, commands ignored until end of transaction block

2025-04-12 17:20:43,943 - ERROR - Error processing row: current transaction is aborted, commands ignored until end of transaction block

2025-04-12 17:20:43,945 - ERROR - Error processing row: current transaction is aborted, commands ignored until end of transaction block

2025-04-12 17:20:43,947 - ERROR - Error processing row: current transaction is aborted, commands ignored until end of transaction block

2025-04-12 17:20:43,949 - ERROR - Error processing row: current transaction is aborted, commands ignored until end of transaction block

2025-04-12 17:20:43,951 - ERROR - Error processing row: current transaction is aborted, commands ignored until end of transaction block

2025-04-12 17:20:43,952 - ERROR - Error processing row: current transaction is aborted, commands ignored until end of transaction block

2025-04-12 17:20:43,953 - ERROR - Error processing row: current transaction is aborted, commands ignored until end of transaction block

2025-04-12 17:20:43,955 - ERROR - Error processing row: current transaction is aborted, commands ignored until end of transaction block

2025-04-12 17:20:43,956 - ERROR - Error processing row: current transaction is aborted, commands ignored until end of transaction block

2025-04-12 17:20:43,957 - ERROR - Error processing row: current transaction is aborted, commands ignored until end of transaction block

2025-04-12 17:20:43,958 - ERROR - Error processing row: current transaction is aborted, commands ignored until end of transaction block

2025-04-12 17:20:43,960 - ERROR - Error processing row: current transaction is aborted, commands ignored until end of transaction block

2025-04-12 17:20:43,961 - ERROR - Error processing row: current transaction is aborted, commands ignored until end of transaction block

2025-04-12 17:20:43,964 - ERROR - Error processing row: current transaction is aborted, commands ignored until end of transaction block

2025-04-12 17:20:43,967 - ERROR - Error processing row: current transaction is aborted, commands ignored until end of transaction block

2025-04-12 17:20:43,969 - ERROR - Error processing row: current transaction is aborted, commands ignored until end of transaction block

2025-04-12 17:20:43,971 - ERROR - Error processing row: current transaction is aborted, commands ignored until end of transaction block

2025-04-12 17:20:43,973 - ERROR - Error processing row: current transaction is aborted, commands ignored until end of transaction block

2025-04-12 17:20:43,976 - ERROR - Error processing row: current transaction is aborted, commands ignored until end of transaction block

2025-04-12 17:20:43,978 - ERROR - Error processing row: current transaction is aborted, commands ignored until end of transaction block

2025-04-12 17:20:43,983 - ERROR - Error processing row: current transaction is aborted, commands ignored until end of transaction block

2025-04-12 17:20:43,986 - ERROR - Error processing row: current transaction is aborted, commands ignored until end of transaction block

2025-04-12 17:20:43,988 - ERROR - Error processing row: current transaction is aborted, commands ignored until end of transaction block

2025-04-12 17:20:43,993 - ERROR - Error processing row: current transaction is aborted, commands ignored until end of transaction block

2025-04-12 17:20:44,002 - ERROR - Error processing row: current transaction is aborted, commands ignored until end of transaction block

2025-04-12 17:20:44,005 - ERROR - Error processing row: current transaction is aborted, commands ignored until end of transaction block

2025-04-12 17:20:44,006 - ERROR - Error processing row: current transaction is aborted, commands ignored until end of transaction block

2025-04-12 17:20:44,008 - ERROR - Error processing row: current transaction is aborted, commands ignored until end of transaction block

2025-04-12 17:20:44,010 - ERROR - Error processing row: current transaction is aborted, commands ignored until end of transaction block

2025-04-12 17:20:44,012 - ERROR - Error processing row: current transaction is aborted, commands ignored until end of transaction block

2025-04-12 17:20:44,020 - ERROR - Error processing row: current transaction is aborted, commands ignored until end of transaction block

2025-04-12 17:20:44,022 - ERROR - Error processing row: current transaction is aborted, commands ignored until end of transaction block

2025-04-12 17:20:44,023 - ERROR - Error processing row: current transaction is aborted, commands ignored until end of transaction block

2025-04-12 17:20:44,025 - ERROR - Error processing row: current transaction is aborted, commands ignored until end of transaction block

2025-04-12 17:20:44,028 - ERROR - Error processing row: current transaction is aborted, commands ignored until end of transaction block

2025-04-12 17:20:44,030 - ERROR - Error processing row: current transaction is aborted, commands ignored until end of transaction block

2025-04-12 17:20:44,040 - ERROR - Error processing row: current transaction is aborted, commands ignored until end of transaction block

2025-04-12 17:20:44,043 - ERROR - Error processing row: current transaction is aborted, commands ignored until end of transaction block

2025-04-12 17:20:44,047 - ERROR - Error processing row: current transaction is aborted, commands ignored until end of transaction block

2025-04-12 17:20:44,050 - ERROR - Error processing row: current transaction is aborted, commands ignored until end of transaction block

2025-04-12 17:20:44,052 - ERROR - Error processing row: current transaction is aborted, commands ignored until end of transaction block

2025-04-12 17:20:44,054 - ERROR - Error processing row: current transaction is aborted, commands ignored until end of transaction block

2025-04-12 17:20:44,056 - ERROR - Error processing row: current transaction is aborted, commands ignored until end of transaction block

2025-04-12 17:20:44,058 - ERROR - Error processing row: current transaction is aborted, commands ignored until end of transaction block

2025-04-12 17:20:44,065 - ERROR - Error processing row: current transaction is aborted, commands ignored until end of transaction block

2025-04-12 17:20:44,072 - ERROR - Error processing row: current transaction is aborted, commands ignored until end of transaction block

2025-04-12 17:20:44,074 - ERROR - Error processing row: current transaction is aborted, commands ignored until end of transaction block

2025-04-12 17:20:44,076 - ERROR - Error processing row: current transaction is aborted, commands ignored until end of transaction block

2025-04-12 17:20:44,078 - ERROR - Error processing row: current transaction is aborted, commands ignored until end of transaction block

2025-04-12 17:20:44,087 - ERROR - Error processing row: current transaction is aborted, commands ignored until end of transaction block

2025-04-12 17:20:44,092 - ERROR - Error processing row: current transaction is aborted, commands ignored until end of transaction block

2025-04-12 17:20:44,094 - ERROR - Error processing row: current transaction is aborted, commands ignored until end of transaction block

2025-04-12 17:20:44,098 - ERROR - Error processing row: current transaction is aborted, commands ignored until end of transaction block

2025-04-12 17:20:44,100 - ERROR - Error processing row: current transaction is aborted, commands ignored until end of transaction block

2025-04-12 17:20:44,102 - ERROR - Error processing row: current transaction is aborted, commands ignored until end of transaction block

2025-04-12 17:20:44,104 - ERROR - Error processing row: current transaction is aborted, commands ignored until end of transaction block

2025-04-12 17:20:44,106 - ERROR - Error processing row: current transaction is aborted, commands ignored until end of transaction block

2025-04-12 17:20:44,108 - ERROR - Error processing row: current transaction is aborted, commands ignored until end of transaction block

2025-04-12 17:20:44,114 - ERROR - Error processing row: current transaction is aborted, commands ignored until end of transaction block

2025-04-12 17:20:44,120 - ERROR - Error processing row: current transaction is aborted, commands ignored until end of transaction block

2025-04-12 17:20:44,122 - ERROR - Error processing row: current transaction is aborted, commands ignored until end of transaction block

2025-04-12 17:20:44,124 - ERROR - Error processing row: current transaction is aborted, commands ignored until end of transaction block

2025-04-12 17:20:44,126 - ERROR - Error processing row: current transaction is aborted, commands ignored until end of transaction block

2025-04-12 17:20:44,129 - ERROR - Error processing row: current transaction is aborted, commands ignored until end of transaction block

2025-04-12 17:20:44,131 - ERROR - Error processing row: current transaction is aborted, commands ignored until end of transaction block

2025-04-12 17:20:44,138 - ERROR - Error processing row: current transaction is aborted, commands ignored until end of transaction block

2025-04-12 17:20:44,141 - ERROR - Error processing row: current transaction is aborted, commands ignored until end of transaction block

2025-04-12 17:20:44,145 - ERROR - Error processing row: current transaction is aborted, commands ignored until end of transaction block

2025-04-12 17:20:44,149 - ERROR - Error processing row: current transaction is aborted, commands ignored until end of transaction block

2025-04-12 17:20:44,152 - ERROR - Error processing row: current transaction is aborted, commands ignored until end of transaction block

2025-04-12 17:20:44,154 - ERROR - Error processing row: current transaction is aborted, commands ignored until end of transaction block

2025-04-12 17:20:44,156 - ERROR - Error processing row: current transaction is aborted, commands ignored until end of transaction block

2025-04-12 17:20:44,159 - ERROR - Error processing row: current transaction is aborted, commands ignored until end of transaction block

2025-04-12 17:20:44,163 - ERROR - Error processing row: current transaction is aborted, commands ignored until end of transaction block

2025-04-12 17:20:44,165 - ERROR - Error processing row: current transaction is aborted, commands ignored until end of transaction block

2025-04-12 17:20:44,167 - ERROR - Error processing row: current transaction is aborted, commands ignored until end of transaction block

2025-04-12 17:20:44,168 - ERROR - Error processing row: current transaction is aborted, commands ignored until end of transaction block

2025-04-12 17:20:44,171 - ERROR - Error processing row: current transaction is aborted, commands ignored until end of transaction block

2025-04-12 17:20:44,184 - ERROR - Error processing row: current transaction is aborted, commands ignored until end of transaction block

2025-04-12 17:20:44,189 - ERROR - Error processing row: current transaction is aborted, commands ignored until end of transaction block

2025-04-12 17:20:44,191 - ERROR - Error processing row: current transaction is aborted, commands ignored until end of transaction block

2025-04-12 17:20:44,193 - ERROR - Error processing row: current transaction is aborted, commands ignored until end of transaction block

2025-04-12 17:20:44,198 - ERROR - Error processing row: current transaction is aborted, commands ignored until end of transaction block

2025-04-12 17:20:44,204 - ERROR - Error processing row: current transaction is aborted, commands ignored until end of transaction block

2025-04-12 17:20:44,207 - ERROR - Error processing row: current transaction is aborted, commands ignored until end of transaction block

2025-04-12 17:20:44,210 - ERROR - Error processing row: current transaction is aborted, commands ignored until end of transaction block

2025-04-12 17:20:44,220 - ERROR - Error processing row: current transaction is aborted, commands ignored until end of transaction block

2025-04-12 17:20:44,222 - ERROR - Error processing row: current transaction is aborted, commands ignored until end of transaction block

2025-04-12 17:20:44,224 - ERROR - Error processing row: current transaction is aborted, commands ignored until end of transaction block

2025-04-12 17:20:44,226 - ERROR - Error processing row: current transaction is aborted, commands ignored until end of transaction block

2025-04-12 17:20:44,228 - ERROR - Error processing row: current transaction is aborted, commands ignored until end of transaction block

2025-04-12 17:20:44,235 - ERROR - Error processing row: current transaction is aborted, commands ignored until end of transaction block

2025-04-12 17:20:44,255 - ERROR - Error processing row: current transaction is aborted, commands ignored until end of transaction block

2025-04-12 17:20:44,268 - ERROR - Error processing row: current transaction is aborted, commands ignored until end of transaction block

2025-04-12 17:20:44,270 - ERROR - Error processing row: current transaction is aborted, commands ignored until end of transaction block

2025-04-12 17:20:44,272 - ERROR - Error processing row: current transaction is aborted, commands ignored until end of transaction block

2025-04-12 17:20:44,275 - ERROR - Error processing row: current transaction is aborted, commands ignored until end of transaction block

2025-04-12 17:20:44,289 - ERROR - Error processing row: current transaction is aborted, commands ignored until end of transaction block

2025-04-12 17:20:44,292 - ERROR - Error processing row: current transaction is aborted, commands ignored until end of transaction block

2025-04-12 17:20:44,295 - ERROR - Error processing row: current transaction is aborted, commands ignored until end of transaction block

2025-04-12 17:20:44,299 - ERROR - Error processing row: current transaction is aborted, commands ignored until end of transaction block

2025-04-12 17:20:44,301 - ERROR - Error processing row: current transaction is aborted, commands ignored until end of transaction block

2025-04-12 17:20:44,303 - ERROR - Error processing row: current transaction is aborted, commands ignored until end of transaction block

2025-04-12 17:20:44,306 - ERROR - Error processing row: current transaction is aborted, commands ignored until end of transaction block

2025-04-12 17:20:44,313 - ERROR - Error processing row: current transaction is aborted, commands ignored until end of transaction block

2025-04-12 17:20:44,319 - ERROR - Error processing row: current transaction is aborted, commands ignored until end of transaction block

2025-04-12 17:20:44,322 - ERROR - Error processing row: current transaction is aborted, commands ignored until end of transaction block

2025-04-12 17:20:44,324 - ERROR - Error processing row: current transaction is aborted, commands ignored until end of transaction block

2025-04-12 17:20:44,327 - ERROR - Error processing row: current transaction is aborted, commands ignored until end of transaction block

2025-04-12 17:20:44,335 - ERROR - Error processing row: current transaction is aborted, commands ignored until end of transaction block

2025-04-12 17:20:44,339 - ERROR - Error processing row: current transaction is aborted, commands ignored until end of transaction block

2025-04-12 17:20:44,341 - ERROR - Error processing row: current transaction is aborted, commands ignored until end of transaction block

2025-04-12 17:20:44,343 - ERROR - Error processing row: current transaction is aborted, commands ignored until end of transaction block

2025-04-12 17:20:44,348 - ERROR - Error processing row: current transaction is aborted, commands ignored until end of transaction block

2025-04-12 17:20:44,351 - ERROR - Error processing row: current transaction is aborted, commands ignored until end of transaction block

2025-04-12 17:20:44,353 - ERROR - Error processing row: current transaction is aborted, commands ignored until end of transaction block

2025-04-12 17:20:44,355 - ERROR - Error processing row: current transaction is aborted, commands ignored until end of transaction block

2025-04-12 17:20:44,359 - ERROR - Error processing row: current transaction is aborted, commands ignored until end of transaction block

2025-04-12 17:20:44,362 - ERROR - Error processing row: current transaction is aborted, commands ignored until end of transaction block

2025-04-12 17:20:44,368 - ERROR - Error processing row: current transaction is aborted, commands ignored until end of transaction block

2025-04-12 17:20:44,371 - ERROR - Error processing row: current transaction is aborted, commands ignored until end of transaction block

2025-04-12 17:20:44,373 - ERROR - Error processing row: current transaction is aborted, commands ignored until end of transaction block

2025-04-12 17:20:44,375 - ERROR - Error processing row: current transaction is aborted, commands ignored until end of transaction block

2025-04-12 17:20:44,378 - ERROR - Error processing row: current transaction is aborted, commands ignored until end of transaction block

2025-04-12 17:20:44,390 - ERROR - Error processing row: current transaction is aborted, commands ignored until end of transaction block

2025-04-12 17:20:44,393 - ERROR - Error processing row: current transaction is aborted, commands ignored until end of transaction block

2025-04-12 17:20:44,396 - ERROR - Error processing row: current transaction is aborted, commands ignored until end of transaction block

2025-04-12 17:20:44,402 - ERROR - Error processing row: current transaction is aborted, commands ignored until end of transaction block

2025-04-12 17:20:44,405 - ERROR - Error processing row: current transaction is aborted, commands ignored until end of transaction block

2025-04-12 17:20:44,407 - ERROR - Error processing row: current transaction is aborted, commands ignored until end of transaction block

2025-04-12 17:20:44,409 - ERROR - Error processing row: current transaction is aborted, commands ignored until end of transaction block

2025-04-12 17:20:44,412 - ERROR - Error processing row: current transaction is aborted, commands ignored until end of transaction block

2025-04-12 17:20:44,420 - ERROR - Error processing row: current transaction is aborted, commands ignored until end of transaction block

2025-04-12 17:20:44,424 - ERROR - Error processing row: current transaction is aborted, commands ignored until end of transaction block

2025-04-12 17:20:44,428 - ERROR - Error processing row: current transaction is aborted, commands ignored until end of transaction block

2025-04-12 17:20:44,432 - ERROR - Error processing row: current transaction is aborted, commands ignored until end of transaction block

2025-04-12 17:20:44,434 - ERROR - Error processing row: current transaction is aborted, commands ignored until end of transaction block

2025-04-12 17:20:44,436 - ERROR - Error processing row: current transaction is aborted, commands ignored until end of transaction block

2025-04-12 17:20:44,438 - ERROR - Error processing row: current transaction is aborted, commands ignored until end of transaction block

2025-04-12 17:20:44,439 - ERROR - Error processing row: current transaction is aborted, commands ignored until end of transaction block

2025-04-12 17:20:44,440 - ERROR - Error processing row: current transaction is aborted, commands ignored until end of transaction block

2025-04-12 17:20:44,441 - ERROR - Error processing row: current transaction is aborted, commands ignored until end of transaction block

2025-04-12 17:20:44,443 - ERROR - Error processing row: current transaction is aborted, commands ignored until end of transaction block

2025-04-12 17:20:44,445 - ERROR - Error processing row: current transaction is aborted, commands ignored until end of transaction block

2025-04-12 17:20:44,447 - ERROR - Error processing row: current transaction is aborted, commands ignored until end of transaction block

2025-04-12 17:20:44,449 - ERROR - Error processing row: current transaction is aborted, commands ignored until end of transaction block

2025-04-12 17:20:44,450 - ERROR - Error processing row: current transaction is aborted, commands ignored until end of transaction block

2025-04-12 17:20:44,452 - ERROR - Error processing row: current transaction is aborted, commands ignored until end of transaction block

2025-04-12 17:20:44,454 - ERROR - Error processing row: current transaction is aborted, commands ignored until end of transaction block

2025-04-12 17:20:44,455 - ERROR - Error processing row: current transaction is aborted, commands ignored until end of transaction block

2025-04-12 17:20:44,456 - ERROR - Error processing row: current transaction is aborted, commands ignored until end of transaction block

2025-04-12 17:20:44,458 - ERROR - Error processing row: current transaction is aborted, commands ignored until end of transaction block

2025-04-12 17:20:44,460 - ERROR - Error processing row: current transaction is aborted, commands ignored until end of transaction block

2025-04-12 17:20:44,462 - ERROR - Error processing row: current transaction is aborted, commands ignored until end of transaction block

2025-04-12 17:20:44,464 - ERROR - Error processing row: current transaction is aborted, commands ignored until end of transaction block

2025-04-12 17:20:44,466 - ERROR - Error processing row: current transaction is aborted, commands ignored until end of transaction block

2025-04-12 17:20:44,468 - ERROR - Error processing row: current transaction is aborted, commands ignored until end of transaction block

2025-04-12 17:20:44,470 - ERROR - Error processing row: current transaction is aborted, commands ignored until end of transaction block

2025-04-12 17:20:44,471 - ERROR - Error processing row: current transaction is aborted, commands ignored until end of transaction block

2025-04-12 17:20:44,473 - ERROR - Error processing row: current transaction is aborted, commands ignored until end of transaction block

2025-04-12 17:20:44,474 - ERROR - Error processing row: current transaction is aborted, commands ignored until end of transaction block

2025-04-12 17:20:44,475 - ERROR - Error processing row: current transaction is aborted, commands ignored until end of transaction block

2025-04-12 17:20:44,476 - ERROR - Error processing row: current transaction is aborted, commands ignored until end of transaction block

2025-04-12 17:20:44,478 - ERROR - Error processing row: current transaction is aborted, commands ignored until end of transaction block

2025-04-12 17:20:44,480 - ERROR - Error processing row: current transaction is aborted, commands ignored until end of transaction block

2025-04-12 17:20:44,482 - ERROR - Error processing row: current transaction is aborted, commands ignored until end of transaction block

2025-04-12 17:20:44,485 - ERROR - Error processing row: current transaction is aborted, commands ignored until end of transaction block

2025-04-12 17:20:44,488 - ERROR - Error processing row: current transaction is aborted, commands ignored until end of transaction block

2025-04-12 17:20:44,490 - ERROR - Error processing row: current transaction is aborted, commands ignored until end of transaction block

2025-04-12 17:20:44,491 - ERROR - Error processing row: current transaction is aborted, commands ignored until end of transaction block

2025-04-12 17:20:44,492 - ERROR - Error processing row: current transaction is aborted, commands ignored until end of transaction block

2025-04-12 17:20:44,493 - ERROR - Error processing row: current transaction is aborted, commands ignored until end of transaction block

2025-04-12 17:20:44,496 - ERROR - Error processing row: current transaction is aborted, commands ignored until end of transaction block

2025-04-12 17:20:44,498 - ERROR - Error processing row: current transaction is aborted, commands ignored until end of transaction block

2025-04-12 17:20:44,501 - ERROR - Error processing row: current transaction is aborted, commands ignored until end of transaction block

2025-04-12 17:20:44,504 - ERROR - Error processing row: current transaction is aborted, commands ignored until end of transaction block

2025-04-12 17:20:44,505 - ERROR - Error processing row: current transaction is aborted, commands ignored until end of transaction block

2025-04-12 17:20:44,507 - ERROR - Error processing row: current transaction is aborted, commands ignored until end of transaction block

2025-04-12 17:20:44,509 - ERROR - Error processing row: current transaction is aborted, commands ignored until end of transaction block

2025-04-12 17:20:44,510 - ERROR - Error processing row: current transaction is aborted, commands ignored until end of transaction block

2025-04-12 17:20:44,512 - ERROR - Error processing row: current transaction is aborted, commands ignored until end of transaction block

2025-04-12 17:20:44,514 - ERROR - Error processing row: current transaction is aborted, commands ignored until end of transaction block

2025-04-12 17:20:44,516 - ERROR - Error processing row: current transaction is aborted, commands ignored until end of transaction block

2025-04-12 17:20:44,518 - ERROR - Error processing row: current transaction is aborted, commands ignored until end of transaction block

2025-04-12 17:20:44,519 - ERROR - Error processing row: current transaction is aborted, commands ignored until end of transaction block

2025-04-12 17:20:44,521 - ERROR - Error processing row: current transaction is aborted, commands ignored until end of transaction block

2025-04-12 17:20:44,522 - ERROR - Error processing row: current transaction is aborted, commands ignored until end of transaction block

2025-04-12 17:20:44,523 - ERROR - Error processing row: current transaction is aborted, commands ignored until end of transaction block

2025-04-12 17:20:44,524 - ERROR - Error processing row: current transaction is aborted, commands ignored until end of transaction block

2025-04-12 17:20:44,526 - ERROR - Error processing row: current transaction is aborted, commands ignored until end of transaction block

2025-04-12 17:20:44,527 - ERROR - Error processing row: current transaction is aborted, commands ignored until end of transaction block

2025-04-12 17:20:44,530 - ERROR - Error processing row: current transaction is aborted, commands ignored until end of transaction block

2025-04-12 17:20:44,532 - ERROR - Error processing row: current transaction is aborted, commands ignored until end of transaction block

2025-04-12 17:20:44,534 - ERROR - Error processing row: current transaction is aborted, commands ignored until end of transaction block

2025-04-12 17:20:44,536 - ERROR - Error processing row: current transaction is aborted, commands ignored until end of transaction block

2025-04-12 17:20:44,537 - ERROR - Error processing row: current transaction is aborted, commands ignored until end of transaction block

2025-04-12 17:20:44,538 - ERROR - Error processing row: current transaction is aborted, commands ignored until end of transaction block

2025-04-12 17:20:44,540 - ERROR - Error processing row: current transaction is aborted, commands ignored until end of transaction block

2025-04-12 17:20:44,541 - ERROR - Error processing row: current transaction is aborted, commands ignored until end of transaction block

2025-04-12 17:20:44,542 - ERROR - Error processing row: current transaction is aborted, commands ignored until end of transaction block

2025-04-12 17:20:44,543 - ERROR - Error processing row: current transaction is aborted, commands ignored until end of transaction block

2025-04-12 17:20:44,545 - ERROR - Error processing row: current transaction is aborted, commands ignored until end of transaction block

2025-04-12 17:20:44,547 - ERROR - Error processing row: current transaction is aborted, commands ignored until end of transaction block

2025-04-12 17:20:44,549 - ERROR - Error processing row: current transaction is aborted, commands ignored until end of transaction block

2025-04-12 17:20:44,551 - ERROR - Error processing row: current transaction is aborted, commands ignored until end of transaction block

2025-04-12 17:20:44,553 - ERROR - Error processing row: current transaction is aborted, commands ignored until end of transaction block

2025-04-12 17:20:44,554 - ERROR - Error processing row: current transaction is aborted, commands ignored until end of transaction block

2025-04-12 17:20:44,555 - ERROR - Error processing row: current transaction is aborted, commands ignored until end of transaction block

2025-04-12 17:20:44,556 - ERROR - Error processing row: current transaction is aborted, commands ignored until end of transaction block

2025-04-12 17:20:44,558 - ERROR - Error processing row: current transaction is aborted, commands ignored until end of transaction block

2025-04-12 17:20:44,559 - ERROR - Error processing row: current transaction is aborted, commands ignored until end of transaction block

2025-04-12 17:20:44,560 - ERROR - Error processing row: current transaction is aborted, commands ignored until end of transaction block

2025-04-12 17:20:44,564 - ERROR - Error processing row: current transaction is aborted, commands ignored until end of transaction block

2025-04-12 17:20:44,567 - ERROR - Error processing row: current transaction is aborted, commands ignored until end of transaction block

2025-04-12 17:20:44,569 - ERROR - Error processing row: current transaction is aborted, commands ignored until end of transaction block

2025-04-12 17:20:44,571 - ERROR - Error processing row: current transaction is aborted, commands ignored until end of transaction block

2025-04-12 17:20:44,572 - ERROR - Error processing row: current transaction is aborted, commands ignored until end of transaction block

2025-04-12 17:20:44,574 - ERROR - Error processing row: current transaction is aborted, commands ignored until end of transaction block

2025-04-12 17:20:44,575 - ERROR - Error processing row: current transaction is aborted, commands ignored until end of transaction block

2025-04-12 17:20:44,576 - ERROR - Error processing row: current transaction is aborted, commands ignored until end of transaction block

2025-04-12 17:20:44,578 - ERROR - Error processing row: current transaction is aborted, commands ignored until end of transaction block

2025-04-12 17:20:44,582 - ERROR - Error processing row: current transaction is aborted, commands ignored until end of transaction block

2025-04-12 17:20:44,587 - ERROR - Error processing row: current transaction is aborted, commands ignored until end of transaction block

2025-04-12 17:20:44,589 - ERROR - Error processing row: current transaction is aborted, commands ignored until end of transaction block

2025-04-12 17:20:44,591 - ERROR - Error processing row: current transaction is aborted, commands ignored until end of transaction block

2025-04-12 17:20:44,593 - ERROR - Error processing row: current transaction is aborted, commands ignored until end of transaction block

2025-04-12 17:20:44,597 - ERROR - Error processing row: current transaction is aborted, commands ignored until end of transaction block

2025-04-12 17:20:44,604 - ERROR - Error processing row: current transaction is aborted, commands ignored until end of transaction block

2025-04-12 17:20:44,607 - ERROR - Error processing row: current transaction is aborted, commands ignored until end of transaction block

2025-04-12 17:20:44,609 - ERROR - Error processing row: current transaction is aborted, commands ignored until end of transaction block

2025-04-12 17:20:44,611 - ERROR - Error processing row: current transaction is aborted, commands ignored until end of transaction block

2025-04-12 17:20:44,614 - ERROR - Error processing row: current transaction is aborted, commands ignored until end of transaction block

2025-04-12 17:20:44,617 - ERROR - Error processing row: current transaction is aborted, commands ignored until end of transaction block

2025-04-12 17:20:44,620 - ERROR - Error processing row: current transaction is aborted, commands ignored until end of transaction block

2025-04-12 17:20:44,623 - ERROR - Error processing row: current transaction is aborted, commands ignored until end of transaction block

2025-04-12 17:20:44,626 - ERROR - Error processing row: current transaction is aborted, commands ignored until end of transaction block

2025-04-12 17:20:44,628 - ERROR - Error processing row: current transaction is aborted, commands ignored until end of transaction block

2025-04-12 17:20:44,632 - ERROR - Error processing row: current transaction is aborted, commands ignored until end of transaction block

2025-04-12 17:20:44,634 - ERROR - Error processing row: current transaction is aborted, commands ignored until end of transaction block

2025-04-12 17:20:44,636 - ERROR - Error processing row: current transaction is aborted, commands ignored until end of transaction block

2025-04-12 17:20:44,639 - ERROR - Error processing row: current transaction is aborted, commands ignored until end of transaction block

2025-04-12 17:20:44,641 - ERROR - Error processing row: current transaction is aborted, commands ignored until end of transaction block

2025-04-12 17:20:44,645 - ERROR - Error processing row: current transaction is aborted, commands ignored until end of transaction block

2025-04-12 17:20:44,647 - ERROR - Error processing row: current transaction is aborted, commands ignored until end of transaction block

2025-04-12 17:20:44,649 - ERROR - Error processing row: current transaction is aborted, commands ignored until end of transaction block

2025-04-12 17:20:44,651 - ERROR - Error processing row: current transaction is aborted, commands ignored until end of transaction block

2025-04-12 17:20:44,653 - ERROR - Error processing row: current transaction is aborted, commands ignored until end of transaction block

2025-04-12 17:20:44,655 - ERROR - Error processing row: current transaction is aborted, commands ignored until end of transaction block

2025-04-12 17:20:44,657 - ERROR - Error processing row: current transaction is aborted, commands ignored until end of transaction block

2025-04-12 17:20:44,660 - ERROR - Error processing row: current transaction is aborted, commands ignored until end of transaction block

2025-04-12 17:20:44,663 - ERROR - Error processing row: current transaction is aborted, commands ignored until end of transaction block

2025-04-12 17:20:44,666 - ERROR - Error processing row: current transaction is aborted, commands ignored until end of transaction block

2025-04-12 17:20:44,668 - ERROR - Error processing row: current transaction is aborted, commands ignored until end of transaction block

2025-04-12 17:20:44,671 - ERROR - Error processing row: current transaction is aborted, commands ignored until end of transaction block

2025-04-12 17:20:44,673 - ERROR - Error processing row: current transaction is aborted, commands ignored until end of transaction block

2025-04-12 17:20:44,675 - ERROR - Error processing row: current transaction is aborted, commands ignored until end of transaction block

2025-04-12 17:20:44,676 - ERROR - Error processing row: current transaction is aborted, commands ignored until end of transaction block

2025-04-12 17:20:44,679 - ERROR - Error processing row: current transaction is aborted, commands ignored until end of transaction block

2025-04-12 17:20:44,687 - ERROR - Error processing row: current transaction is aborted, commands ignored until end of transaction block

2025-04-12 17:20:44,689 - ERROR - Error processing row: current transaction is aborted, commands ignored until end of transaction block

2025-04-12 17:20:44,691 - ERROR - Error processing row: current transaction is aborted, commands ignored until end of transaction block

2025-04-12 17:20:44,693 - ERROR - Error processing row: current transaction is aborted, commands ignored until end of transaction block

2025-04-12 17:20:44,695 - ERROR - Error processing row: current transaction is aborted, commands ignored until end of transaction block

2025-04-12 17:20:44,703 - ERROR - Error processing row: current transaction is aborted, commands ignored until end of transaction block

2025-04-12 17:20:44,706 - ERROR - Error processing row: current transaction is aborted, commands ignored until end of transaction block

2025-04-12 17:20:44,707 - ERROR - Error processing row: current transaction is aborted, commands ignored until end of transaction block

2025-04-12 17:20:44,709 - ERROR - Error processing row: current transaction is aborted, commands ignored until end of transaction block

2025-04-12 17:20:44,711 - ERROR - Error processing row: current transaction is aborted, commands ignored until end of transaction block

2025-04-12 17:20:44,713 - ERROR - Error processing row: current transaction is aborted, commands ignored until end of transaction block

2025-04-12 17:20:44,716 - ERROR - Error processing row: current transaction is aborted, commands ignored until end of transaction block

2025-04-12 17:20:44,718 - ERROR - Error processing row: current transaction is aborted, commands ignored until end of transaction block

2025-04-12 17:20:44,719 - ERROR - Error processing row: current transaction is aborted, commands ignored until end of transaction block

2025-04-12 17:20:44,722 - ERROR - Error processing row: current transaction is aborted, commands ignored until end of transaction block

2025-04-12 17:20:44,724 - ERROR - Error processing row: current transaction is aborted, commands ignored until end of transaction block

2025-04-12 17:20:44,727 - ERROR - Error processing row: current transaction is aborted, commands ignored until end of transaction block

2025-04-12 17:20:44,730 - ERROR - Error processing row: current transaction is aborted, commands ignored until end of transaction block

2025-04-12 17:20:44,732 - ERROR - Error processing row: current transaction is aborted, commands ignored until end of transaction block

2025-04-12 17:20:44,734 - ERROR - Error processing row: current transaction is aborted, commands ignored until end of transaction block

2025-04-12 17:20:44,736 - ERROR - Error processing row: current transaction is aborted, commands ignored until end of transaction block

2025-04-12 17:20:44,738 - ERROR - Error processing row: current transaction is aborted, commands ignored until end of transaction block

2025-04-12 17:20:44,741 - ERROR - Error processing row: current transaction is aborted, commands ignored until end of transaction block

2025-04-12 17:20:44,743 - ERROR - Error processing row: current transaction is aborted, commands ignored until end of transaction block

2025-04-12 17:20:44,746 - ERROR - Error processing row: current transaction is aborted, commands ignored until end of transaction block

2025-04-12 17:20:44,748 - ERROR - Error processing row: current transaction is aborted, commands ignored until end of transaction block

2025-04-12 17:20:44,750 - ERROR - Error processing row: current transaction is aborted, commands ignored until end of transaction block

2025-04-12 17:20:44,753 - ERROR - Error processing row: current transaction is aborted, commands ignored until end of transaction block

2025-04-12 17:20:44,756 - ERROR - Error processing row: current transaction is aborted, commands ignored until end of transaction block

2025-04-12 17:20:44,757 - ERROR - Error processing row: current transaction is aborted, commands ignored until end of transaction block

2025-04-12 17:20:44,760 - ERROR - Error processing row: current transaction is aborted, commands ignored until end of transaction block

2025-04-12 17:20:44,763 - ERROR - Error processing row: current transaction is aborted, commands ignored until end of transaction block

2025-04-12 17:20:44,768 - ERROR - Error processing row: current transaction is aborted, commands ignored until end of transaction block

2025-04-12 17:20:44,773 - ERROR - Error processing row: current transaction is aborted, commands ignored until end of transaction block

2025-04-12 17:20:44,776 - ERROR - Error processing row: current transaction is aborted, commands ignored until end of transaction block

2025-04-12 17:20:44,779 - ERROR - Error processing row: current transaction is aborted, commands ignored until end of transaction block

2025-04-12 17:20:44,788 - ERROR - Error processing row: current transaction is aborted, commands ignored until end of transaction block

2025-04-12 17:20:44,792 - ERROR - Error processing row: current transaction is aborted, commands ignored until end of transaction block

2025-04-12 17:20:44,794 - ERROR - Error processing row: current transaction is aborted, commands ignored until end of transaction block

2025-04-12 17:20:44,796 - ERROR - Error processing row: current transaction is aborted, commands ignored until end of transaction block

2025-04-12 17:20:44,799 - ERROR - Error processing row: current transaction is aborted, commands ignored until end of transaction block

2025-04-12 17:20:44,801 - ERROR - Error processing row: current transaction is aborted, commands ignored until end of transaction block

2025-04-12 17:20:44,803 - ERROR - Error processing row: current transaction is aborted, commands ignored until end of transaction block

2025-04-12 17:20:44,805 - ERROR - Error processing row: current transaction is aborted, commands ignored until end of transaction block

2025-04-12 17:20:44,807 - ERROR - Error processing row: current transaction is aborted, commands ignored until end of transaction block

2025-04-12 17:20:44,809 - ERROR - Error processing row: current transaction is aborted, commands ignored until end of transaction block

2025-04-12 17:20:44,812 - ERROR - Error processing row: current transaction is aborted, commands ignored until end of transaction block

2025-04-12 17:20:44,814 - ERROR - Error processing row: current transaction is aborted, commands ignored until end of transaction block

2025-04-12 17:20:44,816 - ERROR - Error processing row: current transaction is aborted, commands ignored until end of transaction block

2025-04-12 17:20:44,818 - ERROR - Error processing row: current transaction is aborted, commands ignored until end of transaction block

2025-04-12 17:20:44,820 - ERROR - Error processing row: current transaction is aborted, commands ignored until end of transaction block

2025-04-12 17:20:44,821 - ERROR - Error processing row: current transaction is aborted, commands ignored until end of transaction block

2025-04-12 17:20:44,822 - ERROR - Error processing row: current transaction is aborted, commands ignored until end of transaction block

2025-04-12 17:20:44,824 - ERROR - Error processing row: current transaction is aborted, commands ignored until end of transaction block

2025-04-12 17:20:44,825 - ERROR - Error processing row: current transaction is aborted, commands ignored until end of transaction block

2025-04-12 17:20:44,827 - ERROR - Error processing row: current transaction is aborted, commands ignored until end of transaction block

2025-04-12 17:20:44,829 - ERROR - Error processing row: current transaction is aborted, commands ignored until end of transaction block

2025-04-12 17:20:44,836 - ERROR - Error processing row: current transaction is aborted, commands ignored until end of transaction block

2025-04-12 17:20:44,843 - ERROR - Error processing row: current transaction is aborted, commands ignored until end of transaction block

2025-04-12 17:20:44,849 - ERROR - Error processing row: current transaction is aborted, commands ignored until end of transaction block

2025-04-12 17:20:44,852 - ERROR - Error processing row: current transaction is aborted, commands ignored until end of transaction block

2025-04-12 17:20:44,854 - ERROR - Error processing row: current transaction is aborted, commands ignored until end of transaction block

2025-04-12 17:20:44,856 - ERROR - Error processing row: current transaction is aborted, commands ignored until end of transaction block

2025-04-12 17:20:44,859 - ERROR - Error processing row: current transaction is aborted, commands ignored until end of transaction block

2025-04-12 17:20:44,861 - ERROR - Error processing row: current transaction is aborted, commands ignored until end of transaction block

2025-04-12 17:20:44,864 - ERROR - Error processing row: current transaction is aborted, commands ignored until end of transaction block

2025-04-12 17:20:44,867 - ERROR - Error processing row: current transaction is aborted, commands ignored until end of transaction block

2025-04-12 17:20:44,870 - ERROR - Error processing row: current transaction is aborted, commands ignored until end of transaction block

2025-04-12 17:20:44,872 - ERROR - Error processing row: current transaction is aborted, commands ignored until end of transaction block

2025-04-12 17:20:44,874 - ERROR - Error processing row: current transaction is aborted, commands ignored until end of transaction block

2025-04-12 17:20:44,876 - ERROR - Error processing row: current transaction is aborted, commands ignored until end of transaction block

2025-04-12 17:20:44,877 - ERROR - Error processing row: current transaction is aborted, commands ignored until end of transaction block

2025-04-12 17:20:44,880 - ERROR - Error processing row: current transaction is aborted, commands ignored until end of transaction block

2025-04-12 17:20:44,883 - ERROR - Error processing row: current transaction is aborted, commands ignored until end of transaction block

2025-04-12 17:20:44,885 - ERROR - Error processing row: current transaction is aborted, commands ignored until end of transaction block

2025-04-12 17:20:44,887 - ERROR - Error processing row: current transaction is aborted, commands ignored until end of transaction block

2025-04-12 17:20:44,889 - ERROR - Error processing row: current transaction is aborted, commands ignored until end of transaction block

2025-04-12 17:20:44,890 - ERROR - Error processing row: current transaction is aborted, commands ignored until end of transaction block

2025-04-12 17:20:44,892 - ERROR - Error processing row: current transaction is aborted, commands ignored until end of transaction block

2025-04-12 17:20:44,894 - ERROR - Error processing row: current transaction is aborted, commands ignored until end of transaction block

2025-04-12 17:20:44,896 - ERROR - Error processing row: current transaction is aborted, commands ignored until end of transaction block

2025-04-12 17:20:44,898 - ERROR - Error processing row: current transaction is aborted, commands ignored until end of transaction block

2025-04-12 17:20:44,900 - ERROR - Error processing row: current transaction is aborted, commands ignored until end of transaction block

2025-04-12 17:20:44,902 - ERROR - Error processing row: current transaction is aborted, commands ignored until end of transaction block

2025-04-12 17:20:44,904 - ERROR - Error processing row: current transaction is aborted, commands ignored until end of transaction block

2025-04-12 17:20:44,906 - ERROR - Error processing row: current transaction is aborted, commands ignored until end of transaction block

2025-04-12 17:20:44,907 - ERROR - Error processing row: current transaction is aborted, commands ignored until end of transaction block

2025-04-12 17:20:44,909 - ERROR - Error processing row: current transaction is aborted, commands ignored until end of transaction block

2025-04-12 17:20:44,911 - ERROR - Error processing row: current transaction is aborted, commands ignored until end of transaction block

2025-04-12 17:20:44,913 - ERROR - Error processing row: current transaction is aborted, commands ignored until end of transaction block

2025-04-12 17:20:44,915 - ERROR - Error processing row: current transaction is aborted, commands ignored until end of transaction block

2025-04-12 17:20:44,917 - ERROR - Error processing row: current transaction is aborted, commands ignored until end of transaction block

2025-04-12 17:20:44,919 - ERROR - Error processing row: current transaction is aborted, commands ignored until end of transaction block

2025-04-12 17:20:44,921 - ERROR - Error processing row: current transaction is aborted, commands ignored until end of transaction block

2025-04-12 17:20:44,922 - ERROR - Error processing row: current transaction is aborted, commands ignored until end of transaction block

2025-04-12 17:20:44,923 - ERROR - Error processing row: current transaction is aborted, commands ignored until end of transaction block

2025-04-12 17:20:44,925 - ERROR - Error processing row: current transaction is aborted, commands ignored until end of transaction block

2025-04-12 17:20:44,926 - ERROR - Error processing row: current transaction is aborted, commands ignored until end of transaction block

2025-04-12 17:20:44,927 - ERROR - Error processing row: current transaction is aborted, commands ignored until end of transaction block

2025-04-12 17:20:44,929 - ERROR - Error processing row: current transaction is aborted, commands ignored until end of transaction block

2025-04-12 17:20:44,930 - ERROR - Error processing row: current transaction is aborted, commands ignored until end of transaction block

2025-04-12 17:20:44,932 - ERROR - Error processing row: current transaction is aborted, commands ignored until end of transaction block

2025-04-12 17:20:44,933 - ERROR - Error processing row: current transaction is aborted, commands ignored until end of transaction block

2025-04-12 17:20:44,934 - ERROR - Error processing row: current transaction is aborted, commands ignored until end of transaction block

2025-04-12 17:20:44,936 - ERROR - Error processing row: current transaction is aborted, commands ignored until end of transaction block

2025-04-12 17:20:44,937 - ERROR - Error processing row: current transaction is aborted, commands ignored until end of transaction block

2025-04-12 17:20:44,938 - ERROR - Error processing row: current transaction is aborted, commands ignored until end of transaction block

2025-04-12 17:20:44,939 - ERROR - Error processing row: current transaction is aborted, commands ignored until end of transaction block

2025-04-12 17:20:44,941 - ERROR - Error processing row: current transaction is aborted, commands ignored until end of transaction block

2025-04-12 17:20:44,942 - ERROR - Error processing row: current transaction is aborted, commands ignored until end of transaction block

2025-04-12 17:20:44,943 - ERROR - Error processing row: current transaction is aborted, commands ignored until end of transaction block

2025-04-12 17:20:44,944 - ERROR - Error processing row: current transaction is aborted, commands ignored until end of transaction block

2025-04-12 17:20:44,946 - ERROR - Error processing row: current transaction is aborted, commands ignored until end of transaction block

2025-04-12 17:20:44,948 - ERROR - Error processing row: current transaction is aborted, commands ignored until end of transaction block

2025-04-12 17:20:44,950 - ERROR - Error processing row: current transaction is aborted, commands ignored until end of transaction block

2025-04-12 17:20:44,952 - ERROR - Error processing row: current transaction is aborted, commands ignored until end of transaction block

2025-04-12 17:20:44,953 - ERROR - Error processing row: current transaction is aborted, commands ignored until end of transaction block

2025-04-12 17:20:44,955 - ERROR - Error processing row: current transaction is aborted, commands ignored until end of transaction block

2025-04-12 17:20:44,956 - ERROR - Error processing row: current transaction is aborted, commands ignored until end of transaction block

2025-04-12 17:20:44,957 - ERROR - Error processing row: current transaction is aborted, commands ignored until end of transaction block

2025-04-12 17:20:44,958 - ERROR - Error processing row: current transaction is aborted, commands ignored until end of transaction block

2025-04-12 17:20:44,960 - ERROR - Error processing row: current transaction is aborted, commands ignored until end of transaction block

2025-04-12 17:20:44,961 - ERROR - Error processing row: current transaction is aborted, commands ignored until end of transaction block

2025-04-12 17:20:44,963 - ERROR - Error processing row: current transaction is aborted, commands ignored until end of transaction block

2025-04-12 17:20:44,964 - ERROR - Error processing row: current transaction is aborted, commands ignored until end of transaction block

2025-04-12 17:20:44,967 - ERROR - Error processing row: current transaction is aborted, commands ignored until end of transaction block

2025-04-12 17:20:44,969 - ERROR - Error processing row: current transaction is aborted, commands ignored until end of transaction block

2025-04-12 17:20:44,970 - ERROR - Error processing row: current transaction is aborted, commands ignored until end of transaction block

2025-04-12 17:20:44,972 - ERROR - Error processing row: current transaction is aborted, commands ignored until end of transaction block

2025-04-12 17:20:44,973 - ERROR - Error processing row: current transaction is aborted, commands ignored until end of transaction block

2025-04-12 17:20:44,974 - ERROR - Error processing row: current transaction is aborted, commands ignored until end of transaction block

2025-04-12 17:20:44,975 - ERROR - Error processing row: current transaction is aborted, commands ignored until end of transaction block

2025-04-12 17:20:44,977 - ERROR - Error processing row: current transaction is aborted, commands ignored until end of transaction block

2025-04-12 17:20:44,978 - ERROR - Error processing row: current transaction is aborted, commands ignored until end of transaction block

2025-04-12 17:20:44,980 - ERROR - Error processing row: current transaction is aborted, commands ignored until end of transaction block

2025-04-12 17:20:44,982 - ERROR - Error processing row: current transaction is aborted, commands ignored until end of transaction block

2025-04-12 17:20:44,984 - ERROR - Error processing row: current transaction is aborted, commands ignored until end of transaction block

2025-04-12 17:20:44,987 - ERROR - Error processing row: current transaction is aborted, commands ignored until end of transaction block

2025-04-12 17:20:44,989 - ERROR - Error processing row: current transaction is aborted, commands ignored until end of transaction block

2025-04-12 17:20:44,991 - ERROR - Error processing row: current transaction is aborted, commands ignored until end of transaction block

2025-04-12 17:20:44,993 - ERROR - Error processing row: current transaction is aborted, commands ignored until end of transaction block

2025-04-12 17:20:44,994 - ERROR - Error processing row: current transaction is aborted, commands ignored until end of transaction block

2025-04-12 17:20:44,996 - ERROR - Error processing row: current transaction is aborted, commands ignored until end of transaction block

2025-04-12 17:20:44,998 - ERROR - Error processing row: current transaction is aborted, commands ignored until end of transaction block

2025-04-12 17:20:45,000 - ERROR - Error processing row: current transaction is aborted, commands ignored until end of transaction block

2025-04-12 17:20:45,002 - ERROR - Error processing row: current transaction is aborted, commands ignored until end of transaction block

2025-04-12 17:20:45,003 - ERROR - Error processing row: current transaction is aborted, commands ignored until end of transaction block

2025-04-12 17:20:45,005 - ERROR - Error processing row: current transaction is aborted, commands ignored until end of transaction block

2025-04-12 17:20:45,006 - ERROR - Error processing row: current transaction is aborted, commands ignored until end of transaction block

2025-04-12 17:20:45,007 - ERROR - Error processing row: current transaction is aborted, commands ignored until end of transaction block

2025-04-12 17:20:45,009 - ERROR - Error processing row: current transaction is aborted, commands ignored until end of transaction block

2025-04-12 17:20:45,011 - ERROR - Error processing row: current transaction is aborted, commands ignored until end of transaction block

2025-04-12 17:20:45,016 - ERROR - Error processing row: current transaction is aborted, commands ignored until end of transaction block

2025-04-12 17:20:45,019 - ERROR - Error processing row: current transaction is aborted, commands ignored until end of transaction block

2025-04-12 17:20:45,022 - ERROR - Error processing row: current transaction is aborted, commands ignored until end of transaction block

2025-04-12 17:20:45,023 - ERROR - Error processing row: current transaction is aborted, commands ignored until end of transaction block

2025-04-12 17:20:45,026 - ERROR - Error processing row: current transaction is aborted, commands ignored until end of transaction block

2025-04-12 17:20:45,027 - ERROR - Error processing row: current transaction is aborted, commands ignored until end of transaction block

2025-04-12 17:20:45,030 - ERROR - Error processing row: current transaction is aborted, commands ignored until end of transaction block

2025-04-12 17:20:45,032 - ERROR - Error processing row: current transaction is aborted, commands ignored until end of transaction block

2025-04-12 17:20:45,034 - ERROR - Error processing row: current transaction is aborted, commands ignored until end of transaction block

2025-04-12 17:20:45,036 - ERROR - Error processing row: current transaction is aborted, commands ignored until end of transaction block

2025-04-12 17:20:45,037 - ERROR - Error processing row: current transaction is aborted, commands ignored until end of transaction block

2025-04-12 17:20:45,038 - ERROR - Error processing row: current transaction is aborted, commands ignored until end of transaction block

2025-04-12 17:20:45,040 - ERROR - Error processing row: current transaction is aborted, commands ignored until end of transaction block

2025-04-12 17:20:45,041 - ERROR - Error processing row: current transaction is aborted, commands ignored until end of transaction block

2025-04-12 17:20:45,042 - ERROR - Error processing row: current transaction is aborted, commands ignored until end of transaction block

2025-04-12 17:20:45,043 - ERROR - Error processing row: current transaction is aborted, commands ignored until end of transaction block

2025-04-12 17:20:45,045 - ERROR - Error processing row: current transaction is aborted, commands ignored until end of transaction block

2025-04-12 17:20:45,056 - ERROR - Error processing row: current transaction is aborted, commands ignored until end of transaction block

2025-04-12 17:20:45,058 - ERROR - Error processing row: current transaction is aborted, commands ignored until end of transaction block

2025-04-12 17:20:45,060 - ERROR - Error processing row: current transaction is aborted, commands ignored until end of transaction block

2025-04-12 17:20:45,063 - ERROR - Error processing row: current transaction is aborted, commands ignored until end of transaction block

2025-04-12 17:20:45,074 - ERROR - Error processing row: current transaction is aborted, commands ignored until end of transaction block

2025-04-12 17:20:45,076 - ERROR - Error processing row: current transaction is aborted, commands ignored until end of transaction block

2025-04-12 17:20:45,078 - ERROR - Error processing row: current transaction is aborted, commands ignored until end of transaction block

2025-04-12 17:20:45,080 - ERROR - Error processing row: current transaction is aborted, commands ignored until end of transaction block

2025-04-12 17:20:45,083 - ERROR - Error processing row: current transaction is aborted, commands ignored until end of transaction block

2025-04-12 17:20:45,086 - ERROR - Error processing row: current transaction is aborted, commands ignored until end of transaction block

2025-04-12 17:20:45,090 - ERROR - Error processing row: current transaction is aborted, commands ignored until end of transaction block

2025-04-12 17:20:45,093 - ERROR - Error processing row: current transaction is aborted, commands ignored until end of transaction block

2025-04-12 17:20:45,094 - ERROR - Error processing row: current transaction is aborted, commands ignored until end of transaction block

2025-04-12 17:20:45,097 - ERROR - Error processing row: current transaction is aborted, commands ignored until end of transaction block

2025-04-12 17:20:45,099 - ERROR - Error processing row: current transaction is aborted, commands ignored until end of transaction block

2025-04-12 17:20:45,101 - ERROR - Error processing row: current transaction is aborted, commands ignored until end of transaction block

2025-04-12 17:20:45,104 - ERROR - Error processing row: current transaction is aborted, commands ignored until end of transaction block

2025-04-12 17:20:45,106 - ERROR - Error processing row: current transaction is aborted, commands ignored until end of transaction block

2025-04-12 17:20:45,109 - ERROR - Error processing row: current transaction is aborted, commands ignored until end of transaction block

2025-04-12 17:20:45,111 - ERROR - Error processing row: current transaction is aborted, commands ignored until end of transaction block

2025-04-12 17:20:45,113 - ERROR - Error processing row: current transaction is aborted, commands ignored until end of transaction block

2025-04-12 17:20:45,116 - ERROR - Error processing row: current transaction is aborted, commands ignored until end of transaction block

2025-04-12 17:20:45,118 - ERROR - Error processing row: current transaction is aborted, commands ignored until end of transaction block

2025-04-12 17:20:45,119 - ERROR - Error processing row: current transaction is aborted, commands ignored until end of transaction block

2025-04-12 17:20:45,122 - ERROR - Error processing row: current transaction is aborted, commands ignored until end of transaction block

2025-04-12 17:20:45,124 - ERROR - Error processing row: current transaction is aborted, commands ignored until end of transaction block

2025-04-12 17:20:45,125 - ERROR - Error processing row: current transaction is aborted, commands ignored until end of transaction block

2025-04-12 17:20:45,130 - ERROR - Error processing row: current transaction is aborted, commands ignored until end of transaction block

2025-04-12 17:20:45,134 - ERROR - Error processing row: current transaction is aborted, commands ignored until end of transaction block

2025-04-12 17:20:45,136 - ERROR - Error processing row: current transaction is aborted, commands ignored until end of transaction block

2025-04-12 17:20:45,138 - ERROR - Error processing row: current transaction is aborted, commands ignored until end of transaction block

2025-04-12 17:20:45,140 - ERROR - Error processing row: current transaction is aborted, commands ignored until end of transaction block

2025-04-12 17:20:45,142 - ERROR - Error processing row: current transaction is aborted, commands ignored until end of transaction block

2025-04-12 17:20:45,144 - ERROR - Error processing row: current transaction is aborted, commands ignored until end of transaction block

2025-04-12 17:20:45,146 - ERROR - Error processing row: current transaction is aborted, commands ignored until end of transaction block

2025-04-12 17:20:45,153 - ERROR - Error processing row: current transaction is aborted, commands ignored until end of transaction block

2025-04-12 17:20:45,156 - ERROR - Error processing row: current transaction is aborted, commands ignored until end of transaction block

2025-04-12 17:20:45,158 - ERROR - Error processing row: current transaction is aborted, commands ignored until end of transaction block

2025-04-12 17:20:45,159 - INFO - Added 0 new records
2025-04-12 17:24:06,378 - INFO - Database table ready
2025-04-12 17:24:06,379 - INFO - Starting KAMIS scrape
2025-04-12 17:24:18,051 - ERROR - Error processing row: column "commodity" of relation "market_prices" does not exist
LINE 3:                     commodity, classification, grade, sex, m...
                            ^

2025-04-12 17:24:18,052 - ERROR - Error processing row: current transaction is aborted, commands ignored until end of transaction block

2025-04-12 17:24:18,054 - ERROR - Error processing row: current transaction is aborted, commands ignored until end of transaction block

2025-04-12 17:24:18,056 - ERROR - Error processing row: current transaction is aborted, commands ignored until end of transaction block

2025-04-12 17:24:18,057 - ERROR - Error processing row: current transaction is aborted, commands ignored until end of transaction block

2025-04-12 17:24:18,061 - ERROR - Error processing row: current transaction is aborted, commands ignored until end of transaction block

2025-04-12 17:24:18,062 - ERROR - Error processing row: current transaction is aborted, commands ignored until end of transaction block

2025-04-12 17:24:18,063 - ERROR - Error processing row: current transaction is aborted, commands ignored until end of transaction block

2025-04-12 17:24:18,064 - ERROR - Error processing row: current transaction is aborted, commands ignored until end of transaction block

2025-04-12 17:24:18,065 - ERROR - Error processing row: current transaction is aborted, commands ignored until end of transaction block

2025-04-12 17:24:18,066 - ERROR - Error processing row: current transaction is aborted, commands ignored until end of transaction block

2025-04-12 17:24:18,067 - ERROR - Error processing row: current transaction is aborted, commands ignored until end of transaction block

2025-04-12 17:24:18,068 - ERROR - Error processing row: current transaction is aborted, commands ignored until end of transaction block

2025-04-12 17:24:18,069 - ERROR - Error processing row: current transaction is aborted, commands ignored until end of transaction block

2025-04-12 17:24:18,070 - ERROR - Error processing row: current transaction is aborted, commands ignored until end of transaction block

2025-04-12 17:24:18,071 - ERROR - Error processing row: current transaction is aborted, commands ignored until end of transaction block

2025-04-12 17:24:18,081 - ERROR - Error processing row: current transaction is aborted, commands ignored until end of transaction block

2025-04-12 17:24:18,082 - ERROR - Error processing row: current transaction is aborted, commands ignored until end of transaction block

2025-04-12 17:24:18,083 - ERROR - Error processing row: current transaction is aborted, commands ignored until end of transaction block

2025-04-12 17:24:18,084 - ERROR - Error processing row: current transaction is aborted, commands ignored until end of transaction block

2025-04-12 17:24:18,086 - ERROR - Error processing row: current transaction is aborted, commands ignored until end of transaction block

2025-04-12 17:24:18,087 - ERROR - Error processing row: current transaction is aborted, commands ignored until end of transaction block

2025-04-12 17:24:18,087 - ERROR - Error processing row: current transaction is aborted, commands ignored until end of transaction block

2025-04-12 17:24:18,090 - ERROR - Error processing row: current transaction is aborted, commands ignored until end of transaction block

2025-04-12 17:24:18,094 - ERROR - Error processing row: current transaction is aborted, commands ignored until end of transaction block

2025-04-12 17:24:18,096 - ERROR - Error processing row: current transaction is aborted, commands ignored until end of transaction block

2025-04-12 17:24:18,097 - ERROR - Error processing row: current transaction is aborted, commands ignored until end of transaction block

2025-04-12 17:24:18,098 - ERROR - Error processing row: current transaction is aborted, commands ignored until end of transaction block

2025-04-12 17:24:18,099 - ERROR - Error processing row: current transaction is aborted, commands ignored until end of transaction block

2025-04-12 17:24:18,100 - ERROR - Error processing row: current transaction is aborted, commands ignored until end of transaction block

2025-04-12 17:24:18,101 - ERROR - Error processing row: current transaction is aborted, commands ignored until end of transaction block

2025-04-12 17:24:18,102 - ERROR - Error processing row: current transaction is aborted, commands ignored until end of transaction block

2025-04-12 17:24:18,103 - ERROR - Error processing row: current transaction is aborted, commands ignored until end of transaction block

2025-04-12 17:24:18,104 - ERROR - Error processing row: current transaction is aborted, commands ignored until end of transaction block

2025-04-12 17:24:18,106 - ERROR - Error processing row: current transaction is aborted, commands ignored until end of transaction block

2025-04-12 17:24:18,109 - ERROR - Error processing row: current transaction is aborted, commands ignored until end of transaction block

2025-04-12 17:24:18,111 - ERROR - Error processing row: current transaction is aborted, commands ignored until end of transaction block

2025-04-12 17:24:18,112 - ERROR - Error processing row: current transaction is aborted, commands ignored until end of transaction block

2025-04-12 17:24:18,113 - ERROR - Error processing row: current transaction is aborted, commands ignored until end of transaction block

2025-04-12 17:24:18,114 - ERROR - Error processing row: current transaction is aborted, commands ignored until end of transaction block

2025-04-12 17:24:18,115 - ERROR - Error processing row: current transaction is aborted, commands ignored until end of transaction block

2025-04-12 17:24:18,116 - ERROR - Error processing row: current transaction is aborted, commands ignored until end of transaction block

2025-04-12 17:24:18,117 - ERROR - Error processing row: current transaction is aborted, commands ignored until end of transaction block

2025-04-12 17:24:18,118 - ERROR - Error processing row: current transaction is aborted, commands ignored until end of transaction block

2025-04-12 17:24:18,119 - ERROR - Error processing row: current transaction is aborted, commands ignored until end of transaction block

2025-04-12 17:24:18,120 - ERROR - Error processing row: current transaction is aborted, commands ignored until end of transaction block

2025-04-12 17:24:18,121 - ERROR - Error processing row: current transaction is aborted, commands ignored until end of transaction block

2025-04-12 17:24:18,123 - ERROR - Error processing row: current transaction is aborted, commands ignored until end of transaction block

2025-04-12 17:24:18,128 - ERROR - Error processing row: current transaction is aborted, commands ignored until end of transaction block

2025-04-12 17:24:18,129 - ERROR - Error processing row: current transaction is aborted, commands ignored until end of transaction block

2025-04-12 17:24:18,130 - ERROR - Error processing row: current transaction is aborted, commands ignored until end of transaction block

2025-04-12 17:24:18,131 - ERROR - Error processing row: current transaction is aborted, commands ignored until end of transaction block

2025-04-12 17:24:18,132 - ERROR - Error processing row: current transaction is aborted, commands ignored until end of transaction block

2025-04-12 17:24:18,133 - ERROR - Error processing row: current transaction is aborted, commands ignored until end of transaction block

2025-04-12 17:24:18,134 - ERROR - Error processing row: current transaction is aborted, commands ignored until end of transaction block

2025-04-12 17:24:18,135 - ERROR - Error processing row: current transaction is aborted, commands ignored until end of transaction block

2025-04-12 17:24:18,136 - ERROR - Error processing row: current transaction is aborted, commands ignored until end of transaction block

2025-04-12 17:24:18,137 - ERROR - Error processing row: current transaction is aborted, commands ignored until end of transaction block

2025-04-12 17:24:18,137 - ERROR - Error processing row: current transaction is aborted, commands ignored until end of transaction block

2025-04-12 17:24:18,138 - ERROR - Error processing row: current transaction is aborted, commands ignored until end of transaction block

2025-04-12 17:24:18,142 - ERROR - Error processing row: current transaction is aborted, commands ignored until end of transaction block

2025-04-12 17:24:18,144 - ERROR - Error processing row: current transaction is aborted, commands ignored until end of transaction block

2025-04-12 17:24:18,145 - ERROR - Error processing row: current transaction is aborted, commands ignored until end of transaction block

2025-04-12 17:24:18,146 - ERROR - Error processing row: current transaction is aborted, commands ignored until end of transaction block

2025-04-12 17:24:18,146 - ERROR - Error processing row: current transaction is aborted, commands ignored until end of transaction block

2025-04-12 17:24:18,147 - ERROR - Error processing row: current transaction is aborted, commands ignored until end of transaction block

2025-04-12 17:24:18,148 - ERROR - Error processing row: current transaction is aborted, commands ignored until end of transaction block

2025-04-12 17:24:18,149 - ERROR - Error processing row: current transaction is aborted, commands ignored until end of transaction block

2025-04-12 17:24:18,150 - ERROR - Error processing row: current transaction is aborted, commands ignored until end of transaction block

2025-04-12 17:24:18,150 - ERROR - Error processing row: current transaction is aborted, commands ignored until end of transaction block

2025-04-12 17:24:18,151 - ERROR - Error processing row: current transaction is aborted, commands ignored until end of transaction block

2025-04-12 17:24:18,152 - ERROR - Error processing row: current transaction is aborted, commands ignored until end of transaction block

2025-04-12 17:24:18,153 - ERROR - Error processing row: current transaction is aborted, commands ignored until end of transaction block

2025-04-12 17:24:18,154 - ERROR - Error processing row: current transaction is aborted, commands ignored until end of transaction block

2025-04-12 17:24:18,155 - ERROR - Error processing row: current transaction is aborted, commands ignored until end of transaction block

2025-04-12 17:24:18,156 - ERROR - Error processing row: current transaction is aborted, commands ignored until end of transaction block

2025-04-12 17:24:18,159 - ERROR - Error processing row: current transaction is aborted, commands ignored until end of transaction block

2025-04-12 17:24:18,160 - ERROR - Error processing row: current transaction is aborted, commands ignored until end of transaction block

2025-04-12 17:24:18,161 - ERROR - Error processing row: current transaction is aborted, commands ignored until end of transaction block

2025-04-12 17:24:18,162 - ERROR - Error processing row: current transaction is aborted, commands ignored until end of transaction block

2025-04-12 17:24:18,163 - ERROR - Error processing row: current transaction is aborted, commands ignored until end of transaction block

2025-04-12 17:24:18,164 - ERROR - Error processing row: current transaction is aborted, commands ignored until end of transaction block

2025-04-12 17:24:18,164 - ERROR - Error processing row: current transaction is aborted, commands ignored until end of transaction block

2025-04-12 17:24:18,165 - ERROR - Error processing row: current transaction is aborted, commands ignored until end of transaction block

2025-04-12 17:24:18,166 - ERROR - Error processing row: current transaction is aborted, commands ignored until end of transaction block

2025-04-12 17:24:18,167 - ERROR - Error processing row: current transaction is aborted, commands ignored until end of transaction block

2025-04-12 17:24:18,168 - ERROR - Error processing row: current transaction is aborted, commands ignored until end of transaction block

2025-04-12 17:24:18,169 - ERROR - Error processing row: current transaction is aborted, commands ignored until end of transaction block

2025-04-12 17:24:18,170 - ERROR - Error processing row: current transaction is aborted, commands ignored until end of transaction block

2025-04-12 17:24:18,170 - ERROR - Error processing row: current transaction is aborted, commands ignored until end of transaction block

2025-04-12 17:24:18,171 - ERROR - Error processing row: current transaction is aborted, commands ignored until end of transaction block

2025-04-12 17:24:18,172 - ERROR - Error processing row: current transaction is aborted, commands ignored until end of transaction block

2025-04-12 17:24:18,177 - ERROR - Error processing row: current transaction is aborted, commands ignored until end of transaction block

2025-04-12 17:24:18,179 - ERROR - Error processing row: current transaction is aborted, commands ignored until end of transaction block

2025-04-12 17:24:18,180 - ERROR - Error processing row: current transaction is aborted, commands ignored until end of transaction block

2025-04-12 17:24:18,181 - ERROR - Error processing row: current transaction is aborted, commands ignored until end of transaction block

2025-04-12 17:24:18,182 - ERROR - Error processing row: current transaction is aborted, commands ignored until end of transaction block

2025-04-12 17:24:18,183 - ERROR - Error processing row: current transaction is aborted, commands ignored until end of transaction block

2025-04-12 17:24:18,183 - ERROR - Error processing row: current transaction is aborted, commands ignored until end of transaction block

2025-04-12 17:24:18,184 - ERROR - Error processing row: current transaction is aborted, commands ignored until end of transaction block

2025-04-12 17:24:18,185 - ERROR - Error processing row: current transaction is aborted, commands ignored until end of transaction block

2025-04-12 17:24:18,186 - ERROR - Error processing row: current transaction is aborted, commands ignored until end of transaction block

2025-04-12 17:24:18,186 - ERROR - Error processing row: current transaction is aborted, commands ignored until end of transaction block

2025-04-12 17:24:18,187 - ERROR - Error processing row: current transaction is aborted, commands ignored until end of transaction block

2025-04-12 17:24:18,188 - ERROR - Error processing row: current transaction is aborted, commands ignored until end of transaction block

2025-04-12 17:24:18,189 - ERROR - Error processing row: current transaction is aborted, commands ignored until end of transaction block

2025-04-12 17:24:18,192 - ERROR - Error processing row: current transaction is aborted, commands ignored until end of transaction block

2025-04-12 17:24:18,193 - ERROR - Error processing row: current transaction is aborted, commands ignored until end of transaction block

2025-04-12 17:24:18,195 - ERROR - Error processing row: current transaction is aborted, commands ignored until end of transaction block

2025-04-12 17:24:18,195 - ERROR - Error processing row: current transaction is aborted, commands ignored until end of transaction block

2025-04-12 17:24:18,196 - ERROR - Error processing row: current transaction is aborted, commands ignored until end of transaction block

2025-04-12 17:24:18,197 - ERROR - Error processing row: current transaction is aborted, commands ignored until end of transaction block

2025-04-12 17:24:18,198 - ERROR - Error processing row: current transaction is aborted, commands ignored until end of transaction block

2025-04-12 17:24:18,199 - ERROR - Error processing row: current transaction is aborted, commands ignored until end of transaction block

2025-04-12 17:24:18,200 - ERROR - Error processing row: current transaction is aborted, commands ignored until end of transaction block

2025-04-12 17:24:18,201 - ERROR - Error processing row: current transaction is aborted, commands ignored until end of transaction block

2025-04-12 17:24:18,202 - ERROR - Error processing row: current transaction is aborted, commands ignored until end of transaction block

2025-04-12 17:24:18,203 - ERROR - Error processing row: current transaction is aborted, commands ignored until end of transaction block

2025-04-12 17:24:18,204 - ERROR - Error processing row: current transaction is aborted, commands ignored until end of transaction block

2025-04-12 17:24:18,207 - ERROR - Error processing row: current transaction is aborted, commands ignored until end of transaction block

2025-04-12 17:24:18,209 - ERROR - Error processing row: current transaction is aborted, commands ignored until end of transaction block

2025-04-12 17:24:18,210 - ERROR - Error processing row: current transaction is aborted, commands ignored until end of transaction block

2025-04-12 17:24:18,211 - ERROR - Error processing row: current transaction is aborted, commands ignored until end of transaction block

2025-04-12 17:24:18,212 - ERROR - Error processing row: current transaction is aborted, commands ignored until end of transaction block

2025-04-12 17:24:18,213 - ERROR - Error processing row: current transaction is aborted, commands ignored until end of transaction block

2025-04-12 17:24:18,214 - ERROR - Error processing row: current transaction is aborted, commands ignored until end of transaction block

2025-04-12 17:24:18,215 - ERROR - Error processing row: current transaction is aborted, commands ignored until end of transaction block

2025-04-12 17:24:18,216 - ERROR - Error processing row: current transaction is aborted, commands ignored until end of transaction block

2025-04-12 17:24:18,217 - ERROR - Error processing row: current transaction is aborted, commands ignored until end of transaction block

2025-04-12 17:24:18,218 - ERROR - Error processing row: current transaction is aborted, commands ignored until end of transaction block

2025-04-12 17:24:18,219 - ERROR - Error processing row: current transaction is aborted, commands ignored until end of transaction block

2025-04-12 17:24:18,220 - ERROR - Error processing row: current transaction is aborted, commands ignored until end of transaction block

2025-04-12 17:24:18,221 - ERROR - Error processing row: current transaction is aborted, commands ignored until end of transaction block

2025-04-12 17:24:18,223 - ERROR - Error processing row: current transaction is aborted, commands ignored until end of transaction block

2025-04-12 17:24:18,225 - ERROR - Error processing row: current transaction is aborted, commands ignored until end of transaction block

2025-04-12 17:24:18,227 - ERROR - Error processing row: current transaction is aborted, commands ignored until end of transaction block

2025-04-12 17:24:18,228 - ERROR - Error processing row: current transaction is aborted, commands ignored until end of transaction block

2025-04-12 17:24:18,229 - ERROR - Error processing row: current transaction is aborted, commands ignored until end of transaction block

2025-04-12 17:24:18,230 - ERROR - Error processing row: current transaction is aborted, commands ignored until end of transaction block

2025-04-12 17:24:18,231 - ERROR - Error processing row: current transaction is aborted, commands ignored until end of transaction block

2025-04-12 17:24:18,232 - ERROR - Error processing row: current transaction is aborted, commands ignored until end of transaction block

2025-04-12 17:24:18,233 - ERROR - Error processing row: current transaction is aborted, commands ignored until end of transaction block

2025-04-12 17:24:18,234 - ERROR - Error processing row: current transaction is aborted, commands ignored until end of transaction block

2025-04-12 17:24:18,235 - ERROR - Error processing row: current transaction is aborted, commands ignored until end of transaction block

2025-04-12 17:24:18,236 - ERROR - Error processing row: current transaction is aborted, commands ignored until end of transaction block

2025-04-12 17:24:18,237 - ERROR - Error processing row: current transaction is aborted, commands ignored until end of transaction block

2025-04-12 17:24:18,238 - ERROR - Error processing row: current transaction is aborted, commands ignored until end of transaction block

2025-04-12 17:24:18,241 - ERROR - Error processing row: current transaction is aborted, commands ignored until end of transaction block

2025-04-12 17:24:18,242 - ERROR - Error processing row: current transaction is aborted, commands ignored until end of transaction block

2025-04-12 17:24:18,244 - ERROR - Error processing row: current transaction is aborted, commands ignored until end of transaction block

2025-04-12 17:24:18,245 - ERROR - Error processing row: current transaction is aborted, commands ignored until end of transaction block

2025-04-12 17:24:18,246 - ERROR - Error processing row: current transaction is aborted, commands ignored until end of transaction block

2025-04-12 17:24:18,247 - ERROR - Error processing row: current transaction is aborted, commands ignored until end of transaction block

2025-04-12 17:24:18,248 - ERROR - Error processing row: current transaction is aborted, commands ignored until end of transaction block

2025-04-12 17:24:18,249 - ERROR - Error processing row: current transaction is aborted, commands ignored until end of transaction block

2025-04-12 17:24:18,250 - ERROR - Error processing row: current transaction is aborted, commands ignored until end of transaction block

2025-04-12 17:24:18,251 - ERROR - Error processing row: current transaction is aborted, commands ignored until end of transaction block

2025-04-12 17:24:18,252 - ERROR - Error processing row: current transaction is aborted, commands ignored until end of transaction block

2025-04-12 17:24:18,253 - ERROR - Error processing row: current transaction is aborted, commands ignored until end of transaction block

2025-04-12 17:24:18,255 - ERROR - Error processing row: current transaction is aborted, commands ignored until end of transaction block

2025-04-12 17:24:18,260 - ERROR - Error processing row: current transaction is aborted, commands ignored until end of transaction block

2025-04-12 17:24:18,262 - ERROR - Error processing row: current transaction is aborted, commands ignored until end of transaction block

2025-04-12 17:24:18,263 - ERROR - Error processing row: current transaction is aborted, commands ignored until end of transaction block

2025-04-12 17:24:18,264 - ERROR - Error processing row: current transaction is aborted, commands ignored until end of transaction block

2025-04-12 17:24:18,265 - ERROR - Error processing row: current transaction is aborted, commands ignored until end of transaction block

2025-04-12 17:24:18,267 - ERROR - Error processing row: current transaction is aborted, commands ignored until end of transaction block

2025-04-12 17:24:18,268 - ERROR - Error processing row: current transaction is aborted, commands ignored until end of transaction block

2025-04-12 17:24:18,269 - ERROR - Error processing row: current transaction is aborted, commands ignored until end of transaction block

2025-04-12 17:24:18,270 - ERROR - Error processing row: current transaction is aborted, commands ignored until end of transaction block

2025-04-12 17:24:18,270 - ERROR - Error processing row: current transaction is aborted, commands ignored until end of transaction block

2025-04-12 17:24:18,271 - ERROR - Error processing row: current transaction is aborted, commands ignored until end of transaction block

2025-04-12 17:24:18,273 - ERROR - Error processing row: current transaction is aborted, commands ignored until end of transaction block

2025-04-12 17:24:18,275 - ERROR - Error processing row: current transaction is aborted, commands ignored until end of transaction block

2025-04-12 17:24:18,277 - ERROR - Error processing row: current transaction is aborted, commands ignored until end of transaction block

2025-04-12 17:24:18,278 - ERROR - Error processing row: current transaction is aborted, commands ignored until end of transaction block

2025-04-12 17:24:18,279 - ERROR - Error processing row: current transaction is aborted, commands ignored until end of transaction block

2025-04-12 17:24:18,280 - ERROR - Error processing row: current transaction is aborted, commands ignored until end of transaction block

2025-04-12 17:24:18,281 - ERROR - Error processing row: current transaction is aborted, commands ignored until end of transaction block

2025-04-12 17:24:18,282 - ERROR - Error processing row: current transaction is aborted, commands ignored until end of transaction block

2025-04-12 17:24:18,283 - ERROR - Error processing row: current transaction is aborted, commands ignored until end of transaction block

2025-04-12 17:24:18,284 - ERROR - Error processing row: current transaction is aborted, commands ignored until end of transaction block

2025-04-12 17:24:18,285 - ERROR - Error processing row: current transaction is aborted, commands ignored until end of transaction block

2025-04-12 17:24:18,285 - ERROR - Error processing row: current transaction is aborted, commands ignored until end of transaction block

2025-04-12 17:24:18,286 - ERROR - Error processing row: current transaction is aborted, commands ignored until end of transaction block

2025-04-12 17:24:18,287 - ERROR - Error processing row: current transaction is aborted, commands ignored until end of transaction block

2025-04-12 17:24:18,288 - ERROR - Error processing row: current transaction is aborted, commands ignored until end of transaction block

2025-04-12 17:24:18,291 - ERROR - Error processing row: current transaction is aborted, commands ignored until end of transaction block

2025-04-12 17:24:18,292 - ERROR - Error processing row: current transaction is aborted, commands ignored until end of transaction block

2025-04-12 17:24:18,294 - ERROR - Error processing row: current transaction is aborted, commands ignored until end of transaction block

2025-04-12 17:24:18,295 - ERROR - Error processing row: current transaction is aborted, commands ignored until end of transaction block

2025-04-12 17:24:18,296 - ERROR - Error processing row: current transaction is aborted, commands ignored until end of transaction block

2025-04-12 17:24:18,297 - ERROR - Error processing row: current transaction is aborted, commands ignored until end of transaction block

2025-04-12 17:24:18,298 - ERROR - Error processing row: current transaction is aborted, commands ignored until end of transaction block

2025-04-12 17:24:18,299 - ERROR - Error processing row: current transaction is aborted, commands ignored until end of transaction block

2025-04-12 17:24:18,299 - ERROR - Error processing row: current transaction is aborted, commands ignored until end of transaction block

2025-04-12 17:24:18,300 - ERROR - Error processing row: current transaction is aborted, commands ignored until end of transaction block

2025-04-12 17:24:18,301 - ERROR - Error processing row: current transaction is aborted, commands ignored until end of transaction block

2025-04-12 17:24:18,302 - ERROR - Error processing row: current transaction is aborted, commands ignored until end of transaction block

2025-04-12 17:24:18,303 - ERROR - Error processing row: current transaction is aborted, commands ignored until end of transaction block

2025-04-12 17:24:18,304 - ERROR - Error processing row: current transaction is aborted, commands ignored until end of transaction block

2025-04-12 17:24:18,304 - ERROR - Error processing row: current transaction is aborted, commands ignored until end of transaction block

2025-04-12 17:24:18,305 - ERROR - Error processing row: current transaction is aborted, commands ignored until end of transaction block

2025-04-12 17:24:18,310 - ERROR - Error processing row: current transaction is aborted, commands ignored until end of transaction block

2025-04-12 17:24:18,312 - ERROR - Error processing row: current transaction is aborted, commands ignored until end of transaction block

2025-04-12 17:24:18,313 - ERROR - Error processing row: current transaction is aborted, commands ignored until end of transaction block

2025-04-12 17:24:18,314 - ERROR - Error processing row: current transaction is aborted, commands ignored until end of transaction block

2025-04-12 17:24:18,315 - ERROR - Error processing row: current transaction is aborted, commands ignored until end of transaction block

2025-04-12 17:24:18,316 - ERROR - Error processing row: current transaction is aborted, commands ignored until end of transaction block

2025-04-12 17:24:18,317 - ERROR - Error processing row: current transaction is aborted, commands ignored until end of transaction block

2025-04-12 17:24:18,318 - ERROR - Error processing row: current transaction is aborted, commands ignored until end of transaction block

2025-04-12 17:24:18,319 - ERROR - Error processing row: current transaction is aborted, commands ignored until end of transaction block

2025-04-12 17:24:18,324 - ERROR - Error processing row: current transaction is aborted, commands ignored until end of transaction block

2025-04-12 17:24:18,343 - ERROR - Error processing row: current transaction is aborted, commands ignored until end of transaction block

2025-04-12 17:24:18,344 - ERROR - Error processing row: current transaction is aborted, commands ignored until end of transaction block

2025-04-12 17:24:18,346 - ERROR - Error processing row: current transaction is aborted, commands ignored until end of transaction block

2025-04-12 17:24:18,348 - ERROR - Error processing row: current transaction is aborted, commands ignored until end of transaction block

2025-04-12 17:24:18,349 - ERROR - Error processing row: current transaction is aborted, commands ignored until end of transaction block

2025-04-12 17:24:18,350 - ERROR - Error processing row: current transaction is aborted, commands ignored until end of transaction block

2025-04-12 17:24:18,351 - ERROR - Error processing row: current transaction is aborted, commands ignored until end of transaction block

2025-04-12 17:24:18,353 - ERROR - Error processing row: current transaction is aborted, commands ignored until end of transaction block

2025-04-12 17:24:18,354 - ERROR - Error processing row: current transaction is aborted, commands ignored until end of transaction block

2025-04-12 17:24:18,355 - ERROR - Error processing row: current transaction is aborted, commands ignored until end of transaction block

2025-04-12 17:24:18,359 - ERROR - Error processing row: current transaction is aborted, commands ignored until end of transaction block

2025-04-12 17:24:18,360 - ERROR - Error processing row: current transaction is aborted, commands ignored until end of transaction block

2025-04-12 17:24:18,362 - ERROR - Error processing row: current transaction is aborted, commands ignored until end of transaction block

2025-04-12 17:24:18,363 - ERROR - Error processing row: current transaction is aborted, commands ignored until end of transaction block

2025-04-12 17:24:18,364 - ERROR - Error processing row: current transaction is aborted, commands ignored until end of transaction block

2025-04-12 17:24:18,365 - ERROR - Error processing row: current transaction is aborted, commands ignored until end of transaction block

2025-04-12 17:24:18,365 - ERROR - Error processing row: current transaction is aborted, commands ignored until end of transaction block

2025-04-12 17:24:18,367 - ERROR - Error processing row: current transaction is aborted, commands ignored until end of transaction block

2025-04-12 17:24:18,367 - ERROR - Error processing row: current transaction is aborted, commands ignored until end of transaction block

2025-04-12 17:24:18,368 - ERROR - Error processing row: current transaction is aborted, commands ignored until end of transaction block

2025-04-12 17:24:18,370 - ERROR - Error processing row: current transaction is aborted, commands ignored until end of transaction block

2025-04-12 17:24:18,371 - ERROR - Error processing row: current transaction is aborted, commands ignored until end of transaction block

2025-04-12 17:24:18,372 - ERROR - Error processing row: current transaction is aborted, commands ignored until end of transaction block

2025-04-12 17:24:18,376 - ERROR - Error processing row: current transaction is aborted, commands ignored until end of transaction block

2025-04-12 17:24:18,378 - ERROR - Error processing row: current transaction is aborted, commands ignored until end of transaction block

2025-04-12 17:24:18,379 - ERROR - Error processing row: current transaction is aborted, commands ignored until end of transaction block

2025-04-12 17:24:18,380 - ERROR - Error processing row: current transaction is aborted, commands ignored until end of transaction block

2025-04-12 17:24:18,381 - ERROR - Error processing row: current transaction is aborted, commands ignored until end of transaction block

2025-04-12 17:24:18,382 - ERROR - Error processing row: current transaction is aborted, commands ignored until end of transaction block

2025-04-12 17:24:18,383 - ERROR - Error processing row: current transaction is aborted, commands ignored until end of transaction block

2025-04-12 17:24:18,384 - ERROR - Error processing row: current transaction is aborted, commands ignored until end of transaction block

2025-04-12 17:24:18,385 - ERROR - Error processing row: current transaction is aborted, commands ignored until end of transaction block

2025-04-12 17:24:18,386 - ERROR - Error processing row: current transaction is aborted, commands ignored until end of transaction block

2025-04-12 17:24:18,387 - ERROR - Error processing row: current transaction is aborted, commands ignored until end of transaction block

2025-04-12 17:24:18,388 - ERROR - Error processing row: current transaction is aborted, commands ignored until end of transaction block

2025-04-12 17:24:18,389 - ERROR - Error processing row: current transaction is aborted, commands ignored until end of transaction block

2025-04-12 17:24:18,392 - ERROR - Error processing row: current transaction is aborted, commands ignored until end of transaction block

2025-04-12 17:24:18,393 - ERROR - Error processing row: current transaction is aborted, commands ignored until end of transaction block

2025-04-12 17:24:18,394 - ERROR - Error processing row: current transaction is aborted, commands ignored until end of transaction block

2025-04-12 17:24:18,395 - ERROR - Error processing row: current transaction is aborted, commands ignored until end of transaction block

2025-04-12 17:24:18,396 - ERROR - Error processing row: current transaction is aborted, commands ignored until end of transaction block

2025-04-12 17:24:18,397 - ERROR - Error processing row: current transaction is aborted, commands ignored until end of transaction block

2025-04-12 17:24:18,398 - ERROR - Error processing row: current transaction is aborted, commands ignored until end of transaction block

2025-04-12 17:24:18,398 - ERROR - Error processing row: current transaction is aborted, commands ignored until end of transaction block

2025-04-12 17:24:18,399 - ERROR - Error processing row: current transaction is aborted, commands ignored until end of transaction block

2025-04-12 17:24:18,399 - ERROR - Error processing row: current transaction is aborted, commands ignored until end of transaction block

2025-04-12 17:24:18,400 - ERROR - Error processing row: current transaction is aborted, commands ignored until end of transaction block

2025-04-12 17:24:18,401 - ERROR - Error processing row: current transaction is aborted, commands ignored until end of transaction block

2025-04-12 17:24:18,401 - ERROR - Error processing row: current transaction is aborted, commands ignored until end of transaction block

2025-04-12 17:24:18,402 - ERROR - Error processing row: current transaction is aborted, commands ignored until end of transaction block

2025-04-12 17:24:18,403 - ERROR - Error processing row: current transaction is aborted, commands ignored until end of transaction block

2025-04-12 17:24:18,403 - ERROR - Error processing row: current transaction is aborted, commands ignored until end of transaction block

2025-04-12 17:24:18,404 - ERROR - Error processing row: current transaction is aborted, commands ignored until end of transaction block

2025-04-12 17:24:18,405 - ERROR - Error processing row: current transaction is aborted, commands ignored until end of transaction block

2025-04-12 17:24:18,405 - ERROR - Error processing row: current transaction is aborted, commands ignored until end of transaction block

2025-04-12 17:24:18,407 - ERROR - Error processing row: current transaction is aborted, commands ignored until end of transaction block

2025-04-12 17:24:18,409 - ERROR - Error processing row: current transaction is aborted, commands ignored until end of transaction block

2025-04-12 17:24:18,410 - ERROR - Error processing row: current transaction is aborted, commands ignored until end of transaction block

2025-04-12 17:24:18,412 - ERROR - Error processing row: current transaction is aborted, commands ignored until end of transaction block

2025-04-12 17:24:18,413 - ERROR - Error processing row: current transaction is aborted, commands ignored until end of transaction block

2025-04-12 17:24:18,414 - ERROR - Error processing row: current transaction is aborted, commands ignored until end of transaction block

2025-04-12 17:24:18,414 - ERROR - Error processing row: current transaction is aborted, commands ignored until end of transaction block

2025-04-12 17:24:18,415 - ERROR - Error processing row: current transaction is aborted, commands ignored until end of transaction block

2025-04-12 17:24:18,416 - ERROR - Error processing row: current transaction is aborted, commands ignored until end of transaction block

2025-04-12 17:24:18,416 - ERROR - Error processing row: current transaction is aborted, commands ignored until end of transaction block

2025-04-12 17:24:18,417 - ERROR - Error processing row: current transaction is aborted, commands ignored until end of transaction block

2025-04-12 17:24:18,418 - ERROR - Error processing row: current transaction is aborted, commands ignored until end of transaction block

2025-04-12 17:24:18,418 - ERROR - Error processing row: current transaction is aborted, commands ignored until end of transaction block

2025-04-12 17:24:18,419 - ERROR - Error processing row: current transaction is aborted, commands ignored until end of transaction block

2025-04-12 17:24:18,419 - ERROR - Error processing row: current transaction is aborted, commands ignored until end of transaction block

2025-04-12 17:24:18,420 - ERROR - Error processing row: current transaction is aborted, commands ignored until end of transaction block

2025-04-12 17:24:18,421 - ERROR - Error processing row: current transaction is aborted, commands ignored until end of transaction block

2025-04-12 17:24:18,421 - ERROR - Error processing row: current transaction is aborted, commands ignored until end of transaction block

2025-04-12 17:24:18,422 - ERROR - Error processing row: current transaction is aborted, commands ignored until end of transaction block

2025-04-12 17:24:18,426 - ERROR - Error processing row: current transaction is aborted, commands ignored until end of transaction block

2025-04-12 17:24:18,427 - ERROR - Error processing row: current transaction is aborted, commands ignored until end of transaction block

2025-04-12 17:24:18,428 - ERROR - Error processing row: current transaction is aborted, commands ignored until end of transaction block

2025-04-12 17:24:18,429 - ERROR - Error processing row: current transaction is aborted, commands ignored until end of transaction block

2025-04-12 17:24:18,430 - ERROR - Error processing row: current transaction is aborted, commands ignored until end of transaction block

2025-04-12 17:24:18,431 - ERROR - Error processing row: current transaction is aborted, commands ignored until end of transaction block

2025-04-12 17:24:18,432 - ERROR - Error processing row: current transaction is aborted, commands ignored until end of transaction block

2025-04-12 17:24:18,433 - ERROR - Error processing row: current transaction is aborted, commands ignored until end of transaction block

2025-04-12 17:24:18,433 - ERROR - Error processing row: current transaction is aborted, commands ignored until end of transaction block

2025-04-12 17:24:18,434 - ERROR - Error processing row: current transaction is aborted, commands ignored until end of transaction block

2025-04-12 17:24:18,435 - ERROR - Error processing row: current transaction is aborted, commands ignored until end of transaction block

2025-04-12 17:24:18,436 - ERROR - Error processing row: current transaction is aborted, commands ignored until end of transaction block

2025-04-12 17:24:18,436 - ERROR - Error processing row: current transaction is aborted, commands ignored until end of transaction block

2025-04-12 17:24:18,437 - ERROR - Error processing row: current transaction is aborted, commands ignored until end of transaction block

2025-04-12 17:24:18,438 - ERROR - Error processing row: current transaction is aborted, commands ignored until end of transaction block

2025-04-12 17:24:18,439 - ERROR - Error processing row: current transaction is aborted, commands ignored until end of transaction block

2025-04-12 17:24:18,440 - ERROR - Error processing row: current transaction is aborted, commands ignored until end of transaction block

2025-04-12 17:24:18,442 - ERROR - Error processing row: current transaction is aborted, commands ignored until end of transaction block

2025-04-12 17:24:18,443 - ERROR - Error processing row: current transaction is aborted, commands ignored until end of transaction block

2025-04-12 17:24:18,444 - ERROR - Error processing row: current transaction is aborted, commands ignored until end of transaction block

2025-04-12 17:24:18,445 - ERROR - Error processing row: current transaction is aborted, commands ignored until end of transaction block

2025-04-12 17:24:18,446 - ERROR - Error processing row: current transaction is aborted, commands ignored until end of transaction block

2025-04-12 17:24:18,447 - ERROR - Error processing row: current transaction is aborted, commands ignored until end of transaction block

2025-04-12 17:24:18,448 - ERROR - Error processing row: current transaction is aborted, commands ignored until end of transaction block

2025-04-12 17:24:18,449 - ERROR - Error processing row: current transaction is aborted, commands ignored until end of transaction block

2025-04-12 17:24:18,449 - ERROR - Error processing row: current transaction is aborted, commands ignored until end of transaction block

2025-04-12 17:24:18,450 - ERROR - Error processing row: current transaction is aborted, commands ignored until end of transaction block

2025-04-12 17:24:18,451 - ERROR - Error processing row: current transaction is aborted, commands ignored until end of transaction block

2025-04-12 17:24:18,452 - ERROR - Error processing row: current transaction is aborted, commands ignored until end of transaction block

2025-04-12 17:24:18,452 - ERROR - Error processing row: current transaction is aborted, commands ignored until end of transaction block

2025-04-12 17:24:18,453 - ERROR - Error processing row: current transaction is aborted, commands ignored until end of transaction block

2025-04-12 17:24:18,454 - ERROR - Error processing row: current transaction is aborted, commands ignored until end of transaction block

2025-04-12 17:24:18,455 - ERROR - Error processing row: current transaction is aborted, commands ignored until end of transaction block

2025-04-12 17:24:18,456 - ERROR - Error processing row: current transaction is aborted, commands ignored until end of transaction block

2025-04-12 17:24:18,458 - ERROR - Error processing row: current transaction is aborted, commands ignored until end of transaction block

2025-04-12 17:24:18,459 - ERROR - Error processing row: current transaction is aborted, commands ignored until end of transaction block

2025-04-12 17:24:18,461 - ERROR - Error processing row: current transaction is aborted, commands ignored until end of transaction block

2025-04-12 17:24:18,462 - ERROR - Error processing row: current transaction is aborted, commands ignored until end of transaction block

2025-04-12 17:24:18,463 - ERROR - Error processing row: current transaction is aborted, commands ignored until end of transaction block

2025-04-12 17:24:18,464 - ERROR - Error processing row: current transaction is aborted, commands ignored until end of transaction block

2025-04-12 17:24:18,464 - ERROR - Error processing row: current transaction is aborted, commands ignored until end of transaction block

2025-04-12 17:24:18,465 - ERROR - Error processing row: current transaction is aborted, commands ignored until end of transaction block

2025-04-12 17:24:18,466 - ERROR - Error processing row: current transaction is aborted, commands ignored until end of transaction block

2025-04-12 17:24:18,467 - ERROR - Error processing row: current transaction is aborted, commands ignored until end of transaction block

2025-04-12 17:24:18,468 - ERROR - Error processing row: current transaction is aborted, commands ignored until end of transaction block

2025-04-12 17:24:18,468 - ERROR - Error processing row: current transaction is aborted, commands ignored until end of transaction block

2025-04-12 17:24:18,469 - ERROR - Error processing row: current transaction is aborted, commands ignored until end of transaction block

2025-04-12 17:24:18,470 - ERROR - Error processing row: current transaction is aborted, commands ignored until end of transaction block

2025-04-12 17:24:18,471 - ERROR - Error processing row: current transaction is aborted, commands ignored until end of transaction block

2025-04-12 17:24:18,472 - ERROR - Error processing row: current transaction is aborted, commands ignored until end of transaction block

2025-04-12 17:24:18,473 - ERROR - Error processing row: current transaction is aborted, commands ignored until end of transaction block

2025-04-12 17:24:18,475 - ERROR - Error processing row: current transaction is aborted, commands ignored until end of transaction block

2025-04-12 17:24:18,476 - ERROR - Error processing row: current transaction is aborted, commands ignored until end of transaction block

2025-04-12 17:24:18,477 - ERROR - Error processing row: current transaction is aborted, commands ignored until end of transaction block

2025-04-12 17:24:18,478 - ERROR - Error processing row: current transaction is aborted, commands ignored until end of transaction block

2025-04-12 17:24:18,479 - ERROR - Error processing row: current transaction is aborted, commands ignored until end of transaction block

2025-04-12 17:24:18,480 - ERROR - Error processing row: current transaction is aborted, commands ignored until end of transaction block

2025-04-12 17:24:18,481 - ERROR - Error processing row: current transaction is aborted, commands ignored until end of transaction block

2025-04-12 17:24:18,481 - ERROR - Error processing row: current transaction is aborted, commands ignored until end of transaction block

2025-04-12 17:24:18,482 - ERROR - Error processing row: current transaction is aborted, commands ignored until end of transaction block

2025-04-12 17:24:18,483 - ERROR - Error processing row: current transaction is aborted, commands ignored until end of transaction block

2025-04-12 17:24:18,484 - ERROR - Error processing row: current transaction is aborted, commands ignored until end of transaction block

2025-04-12 17:24:18,485 - ERROR - Error processing row: current transaction is aborted, commands ignored until end of transaction block

2025-04-12 17:24:18,485 - ERROR - Error processing row: current transaction is aborted, commands ignored until end of transaction block

2025-04-12 17:24:18,486 - ERROR - Error processing row: current transaction is aborted, commands ignored until end of transaction block

2025-04-12 17:24:18,487 - ERROR - Error processing row: current transaction is aborted, commands ignored until end of transaction block

2025-04-12 17:24:18,488 - ERROR - Error processing row: current transaction is aborted, commands ignored until end of transaction block

2025-04-12 17:24:18,490 - ERROR - Error processing row: current transaction is aborted, commands ignored until end of transaction block

2025-04-12 17:24:18,492 - ERROR - Error processing row: current transaction is aborted, commands ignored until end of transaction block

2025-04-12 17:24:18,493 - ERROR - Error processing row: current transaction is aborted, commands ignored until end of transaction block

2025-04-12 17:24:18,494 - ERROR - Error processing row: current transaction is aborted, commands ignored until end of transaction block

2025-04-12 17:24:18,495 - ERROR - Error processing row: current transaction is aborted, commands ignored until end of transaction block

2025-04-12 17:24:18,496 - ERROR - Error processing row: current transaction is aborted, commands ignored until end of transaction block

2025-04-12 17:24:18,497 - ERROR - Error processing row: current transaction is aborted, commands ignored until end of transaction block

2025-04-12 17:24:18,497 - ERROR - Error processing row: current transaction is aborted, commands ignored until end of transaction block

2025-04-12 17:24:18,498 - ERROR - Error processing row: current transaction is aborted, commands ignored until end of transaction block

2025-04-12 17:24:18,499 - ERROR - Error processing row: current transaction is aborted, commands ignored until end of transaction block

2025-04-12 17:24:18,500 - ERROR - Error processing row: current transaction is aborted, commands ignored until end of transaction block

2025-04-12 17:24:18,501 - ERROR - Error processing row: current transaction is aborted, commands ignored until end of transaction block

2025-04-12 17:24:18,502 - ERROR - Error processing row: current transaction is aborted, commands ignored until end of transaction block

2025-04-12 17:24:18,504 - ERROR - Error processing row: current transaction is aborted, commands ignored until end of transaction block

2025-04-12 17:24:18,505 - ERROR - Error processing row: current transaction is aborted, commands ignored until end of transaction block

2025-04-12 17:24:18,505 - ERROR - Error processing row: current transaction is aborted, commands ignored until end of transaction block

2025-04-12 17:24:18,508 - ERROR - Error processing row: current transaction is aborted, commands ignored until end of transaction block

2025-04-12 17:24:18,509 - ERROR - Error processing row: current transaction is aborted, commands ignored until end of transaction block

2025-04-12 17:24:18,511 - ERROR - Error processing row: current transaction is aborted, commands ignored until end of transaction block

2025-04-12 17:24:18,512 - ERROR - Error processing row: current transaction is aborted, commands ignored until end of transaction block

2025-04-12 17:24:18,513 - ERROR - Error processing row: current transaction is aborted, commands ignored until end of transaction block

2025-04-12 17:24:18,514 - ERROR - Error processing row: current transaction is aborted, commands ignored until end of transaction block

2025-04-12 17:24:18,515 - ERROR - Error processing row: current transaction is aborted, commands ignored until end of transaction block

2025-04-12 17:24:18,516 - ERROR - Error processing row: current transaction is aborted, commands ignored until end of transaction block

2025-04-12 17:24:18,517 - ERROR - Error processing row: current transaction is aborted, commands ignored until end of transaction block

2025-04-12 17:24:18,517 - ERROR - Error processing row: current transaction is aborted, commands ignored until end of transaction block

2025-04-12 17:24:18,519 - ERROR - Error processing row: current transaction is aborted, commands ignored until end of transaction block

2025-04-12 17:24:18,520 - ERROR - Error processing row: current transaction is aborted, commands ignored until end of transaction block

2025-04-12 17:24:18,521 - ERROR - Error processing row: current transaction is aborted, commands ignored until end of transaction block

2025-04-12 17:24:18,522 - ERROR - Error processing row: current transaction is aborted, commands ignored until end of transaction block

2025-04-12 17:24:18,525 - ERROR - Error processing row: current transaction is aborted, commands ignored until end of transaction block

2025-04-12 17:24:18,526 - ERROR - Error processing row: current transaction is aborted, commands ignored until end of transaction block

2025-04-12 17:24:18,527 - ERROR - Error processing row: current transaction is aborted, commands ignored until end of transaction block

2025-04-12 17:24:18,528 - ERROR - Error processing row: current transaction is aborted, commands ignored until end of transaction block

2025-04-12 17:24:18,529 - ERROR - Error processing row: current transaction is aborted, commands ignored until end of transaction block

2025-04-12 17:24:18,530 - ERROR - Error processing row: current transaction is aborted, commands ignored until end of transaction block

2025-04-12 17:24:18,531 - ERROR - Error processing row: current transaction is aborted, commands ignored until end of transaction block

2025-04-12 17:24:18,532 - ERROR - Error processing row: current transaction is aborted, commands ignored until end of transaction block

2025-04-12 17:24:18,534 - ERROR - Error processing row: current transaction is aborted, commands ignored until end of transaction block

2025-04-12 17:24:18,535 - ERROR - Error processing row: current transaction is aborted, commands ignored until end of transaction block

2025-04-12 17:24:18,536 - ERROR - Error processing row: current transaction is aborted, commands ignored until end of transaction block

2025-04-12 17:24:18,537 - ERROR - Error processing row: current transaction is aborted, commands ignored until end of transaction block

2025-04-12 17:24:18,538 - ERROR - Error processing row: current transaction is aborted, commands ignored until end of transaction block

2025-04-12 17:24:18,541 - ERROR - Error processing row: current transaction is aborted, commands ignored until end of transaction block

2025-04-12 17:24:18,545 - ERROR - Error processing row: current transaction is aborted, commands ignored until end of transaction block

2025-04-12 17:24:18,546 - ERROR - Error processing row: current transaction is aborted, commands ignored until end of transaction block

2025-04-12 17:24:18,547 - ERROR - Error processing row: current transaction is aborted, commands ignored until end of transaction block

2025-04-12 17:24:18,548 - ERROR - Error processing row: current transaction is aborted, commands ignored until end of transaction block

2025-04-12 17:24:18,550 - ERROR - Error processing row: current transaction is aborted, commands ignored until end of transaction block

2025-04-12 17:24:18,551 - ERROR - Error processing row: current transaction is aborted, commands ignored until end of transaction block

2025-04-12 17:24:18,552 - ERROR - Error processing row: current transaction is aborted, commands ignored until end of transaction block

2025-04-12 17:24:18,553 - ERROR - Error processing row: current transaction is aborted, commands ignored until end of transaction block

2025-04-12 17:24:18,554 - ERROR - Error processing row: current transaction is aborted, commands ignored until end of transaction block

2025-04-12 17:24:18,555 - ERROR - Error processing row: current transaction is aborted, commands ignored until end of transaction block

2025-04-12 17:24:18,557 - ERROR - Error processing row: current transaction is aborted, commands ignored until end of transaction block

2025-04-12 17:24:18,558 - ERROR - Error processing row: current transaction is aborted, commands ignored until end of transaction block

2025-04-12 17:24:18,559 - ERROR - Error processing row: current transaction is aborted, commands ignored until end of transaction block

2025-04-12 17:24:18,561 - ERROR - Error processing row: current transaction is aborted, commands ignored until end of transaction block

2025-04-12 17:24:18,562 - ERROR - Error processing row: current transaction is aborted, commands ignored until end of transaction block

2025-04-12 17:24:18,563 - ERROR - Error processing row: current transaction is aborted, commands ignored until end of transaction block

2025-04-12 17:24:18,564 - ERROR - Error processing row: current transaction is aborted, commands ignored until end of transaction block

2025-04-12 17:24:18,565 - ERROR - Error processing row: current transaction is aborted, commands ignored until end of transaction block

2025-04-12 17:24:18,566 - ERROR - Error processing row: current transaction is aborted, commands ignored until end of transaction block

2025-04-12 17:24:18,567 - ERROR - Error processing row: current transaction is aborted, commands ignored until end of transaction block

2025-04-12 17:24:18,568 - ERROR - Error processing row: current transaction is aborted, commands ignored until end of transaction block

2025-04-12 17:24:18,569 - ERROR - Error processing row: current transaction is aborted, commands ignored until end of transaction block

2025-04-12 17:24:18,570 - ERROR - Error processing row: current transaction is aborted, commands ignored until end of transaction block

2025-04-12 17:24:18,571 - ERROR - Error processing row: current transaction is aborted, commands ignored until end of transaction block

2025-04-12 17:24:18,572 - ERROR - Error processing row: current transaction is aborted, commands ignored until end of transaction block

2025-04-12 17:24:18,573 - ERROR - Error processing row: current transaction is aborted, commands ignored until end of transaction block

2025-04-12 17:24:18,575 - ERROR - Error processing row: current transaction is aborted, commands ignored until end of transaction block

2025-04-12 17:24:18,576 - ERROR - Error processing row: current transaction is aborted, commands ignored until end of transaction block

2025-04-12 17:24:18,577 - ERROR - Error processing row: current transaction is aborted, commands ignored until end of transaction block

2025-04-12 17:24:18,578 - ERROR - Error processing row: current transaction is aborted, commands ignored until end of transaction block

2025-04-12 17:24:18,580 - ERROR - Error processing row: current transaction is aborted, commands ignored until end of transaction block

2025-04-12 17:24:18,581 - ERROR - Error processing row: current transaction is aborted, commands ignored until end of transaction block

2025-04-12 17:24:18,582 - ERROR - Error processing row: current transaction is aborted, commands ignored until end of transaction block

2025-04-12 17:24:18,583 - ERROR - Error processing row: current transaction is aborted, commands ignored until end of transaction block

2025-04-12 17:24:18,584 - ERROR - Error processing row: current transaction is aborted, commands ignored until end of transaction block

2025-04-12 17:24:18,585 - ERROR - Error processing row: current transaction is aborted, commands ignored until end of transaction block

2025-04-12 17:24:18,585 - ERROR - Error processing row: current transaction is aborted, commands ignored until end of transaction block

2025-04-12 17:24:18,586 - ERROR - Error processing row: current transaction is aborted, commands ignored until end of transaction block

2025-04-12 17:24:18,587 - ERROR - Error processing row: current transaction is aborted, commands ignored until end of transaction block

2025-04-12 17:24:18,588 - ERROR - Error processing row: current transaction is aborted, commands ignored until end of transaction block

2025-04-12 17:24:18,589 - ERROR - Error processing row: current transaction is aborted, commands ignored until end of transaction block

2025-04-12 17:24:18,592 - ERROR - Error processing row: current transaction is aborted, commands ignored until end of transaction block

2025-04-12 17:24:18,594 - ERROR - Error processing row: current transaction is aborted, commands ignored until end of transaction block

2025-04-12 17:24:18,595 - ERROR - Error processing row: current transaction is aborted, commands ignored until end of transaction block

2025-04-12 17:24:18,596 - ERROR - Error processing row: current transaction is aborted, commands ignored until end of transaction block

2025-04-12 17:24:18,597 - ERROR - Error processing row: current transaction is aborted, commands ignored until end of transaction block

2025-04-12 17:24:18,598 - ERROR - Error processing row: current transaction is aborted, commands ignored until end of transaction block

2025-04-12 17:24:18,599 - ERROR - Error processing row: current transaction is aborted, commands ignored until end of transaction block

2025-04-12 17:24:18,600 - ERROR - Error processing row: current transaction is aborted, commands ignored until end of transaction block

2025-04-12 17:24:18,601 - ERROR - Error processing row: current transaction is aborted, commands ignored until end of transaction block

2025-04-12 17:24:18,602 - ERROR - Error processing row: current transaction is aborted, commands ignored until end of transaction block

2025-04-12 17:24:18,603 - ERROR - Error processing row: current transaction is aborted, commands ignored until end of transaction block

2025-04-12 17:24:18,604 - ERROR - Error processing row: current transaction is aborted, commands ignored until end of transaction block

2025-04-12 17:24:18,605 - ERROR - Error processing row: current transaction is aborted, commands ignored until end of transaction block

2025-04-12 17:24:18,606 - ERROR - Error processing row: current transaction is aborted, commands ignored until end of transaction block

2025-04-12 17:24:18,610 - ERROR - Error processing row: current transaction is aborted, commands ignored until end of transaction block

2025-04-12 17:24:18,612 - ERROR - Error processing row: current transaction is aborted, commands ignored until end of transaction block

2025-04-12 17:24:18,616 - ERROR - Error processing row: current transaction is aborted, commands ignored until end of transaction block

2025-04-12 17:24:18,629 - ERROR - Error processing row: current transaction is aborted, commands ignored until end of transaction block

2025-04-12 17:24:18,631 - ERROR - Error processing row: current transaction is aborted, commands ignored until end of transaction block

2025-04-12 17:24:18,632 - ERROR - Error processing row: current transaction is aborted, commands ignored until end of transaction block

2025-04-12 17:24:18,633 - ERROR - Error processing row: current transaction is aborted, commands ignored until end of transaction block

2025-04-12 17:24:18,634 - ERROR - Error processing row: current transaction is aborted, commands ignored until end of transaction block

2025-04-12 17:24:18,635 - ERROR - Error processing row: current transaction is aborted, commands ignored until end of transaction block

2025-04-12 17:24:18,636 - ERROR - Error processing row: current transaction is aborted, commands ignored until end of transaction block

2025-04-12 17:24:18,637 - ERROR - Error processing row: current transaction is aborted, commands ignored until end of transaction block

2025-04-12 17:24:18,638 - ERROR - Error processing row: current transaction is aborted, commands ignored until end of transaction block

2025-04-12 17:24:18,639 - ERROR - Error processing row: current transaction is aborted, commands ignored until end of transaction block

2025-04-12 17:24:18,642 - ERROR - Error processing row: current transaction is aborted, commands ignored until end of transaction block

2025-04-12 17:24:18,643 - ERROR - Error processing row: current transaction is aborted, commands ignored until end of transaction block

2025-04-12 17:24:18,645 - ERROR - Error processing row: current transaction is aborted, commands ignored until end of transaction block

2025-04-12 17:24:18,646 - ERROR - Error processing row: current transaction is aborted, commands ignored until end of transaction block

2025-04-12 17:24:18,647 - ERROR - Error processing row: current transaction is aborted, commands ignored until end of transaction block

2025-04-12 17:24:18,648 - ERROR - Error processing row: current transaction is aborted, commands ignored until end of transaction block

2025-04-12 17:24:18,650 - ERROR - Error processing row: current transaction is aborted, commands ignored until end of transaction block

2025-04-12 17:24:18,651 - ERROR - Error processing row: current transaction is aborted, commands ignored until end of transaction block

2025-04-12 17:24:18,651 - ERROR - Error processing row: current transaction is aborted, commands ignored until end of transaction block

2025-04-12 17:24:18,652 - ERROR - Error processing row: current transaction is aborted, commands ignored until end of transaction block

2025-04-12 17:24:18,653 - ERROR - Error processing row: current transaction is aborted, commands ignored until end of transaction block

2025-04-12 17:24:18,654 - ERROR - Error processing row: current transaction is aborted, commands ignored until end of transaction block

2025-04-12 17:24:18,655 - ERROR - Error processing row: current transaction is aborted, commands ignored until end of transaction block

2025-04-12 17:24:18,656 - ERROR - Error processing row: current transaction is aborted, commands ignored until end of transaction block

2025-04-12 17:24:18,657 - ERROR - Error processing row: current transaction is aborted, commands ignored until end of transaction block

2025-04-12 17:24:18,659 - ERROR - Error processing row: current transaction is aborted, commands ignored until end of transaction block

2025-04-12 17:24:18,661 - ERROR - Error processing row: current transaction is aborted, commands ignored until end of transaction block

2025-04-12 17:24:18,662 - ERROR - Error processing row: current transaction is aborted, commands ignored until end of transaction block

2025-04-12 17:24:18,663 - ERROR - Error processing row: current transaction is aborted, commands ignored until end of transaction block

2025-04-12 17:24:18,664 - ERROR - Error processing row: current transaction is aborted, commands ignored until end of transaction block

2025-04-12 17:24:18,665 - ERROR - Error processing row: current transaction is aborted, commands ignored until end of transaction block

2025-04-12 17:24:18,665 - ERROR - Error processing row: current transaction is aborted, commands ignored until end of transaction block

2025-04-12 17:24:18,666 - ERROR - Error processing row: current transaction is aborted, commands ignored until end of transaction block

2025-04-12 17:24:18,667 - ERROR - Error processing row: current transaction is aborted, commands ignored until end of transaction block

2025-04-12 17:24:18,668 - ERROR - Error processing row: current transaction is aborted, commands ignored until end of transaction block

2025-04-12 17:24:18,669 - ERROR - Error processing row: current transaction is aborted, commands ignored until end of transaction block

2025-04-12 17:24:18,669 - ERROR - Error processing row: current transaction is aborted, commands ignored until end of transaction block

2025-04-12 17:24:18,670 - ERROR - Error processing row: current transaction is aborted, commands ignored until end of transaction block

2025-04-12 17:24:18,671 - ERROR - Error processing row: current transaction is aborted, commands ignored until end of transaction block

2025-04-12 17:24:18,672 - ERROR - Error processing row: current transaction is aborted, commands ignored until end of transaction block

2025-04-12 17:24:18,672 - ERROR - Error processing row: current transaction is aborted, commands ignored until end of transaction block

2025-04-12 17:24:18,674 - ERROR - Error processing row: current transaction is aborted, commands ignored until end of transaction block

2025-04-12 17:24:18,675 - ERROR - Error processing row: current transaction is aborted, commands ignored until end of transaction block

2025-04-12 17:24:18,677 - ERROR - Error processing row: current transaction is aborted, commands ignored until end of transaction block

2025-04-12 17:24:18,678 - ERROR - Error processing row: current transaction is aborted, commands ignored until end of transaction block

2025-04-12 17:24:18,679 - INFO - Added 0 new records
2025-04-12 17:25:33,053 - INFO - Database table ready
2025-04-12 17:25:33,053 - INFO - Starting KAMIS scrape
2025-04-12 17:25:47,814 - ERROR - Error processing row: there is no unique or exclusion constraint matching the ON CONFLICT specification

2025-04-12 17:25:47,815 - ERROR - Error processing row: current transaction is aborted, commands ignored until end of transaction block

2025-04-12 17:25:47,816 - ERROR - Error processing row: current transaction is aborted, commands ignored until end of transaction block

2025-04-12 17:25:47,818 - ERROR - Error processing row: current transaction is aborted, commands ignored until end of transaction block

2025-04-12 17:25:47,819 - ERROR - Error processing row: current transaction is aborted, commands ignored until end of transaction block

2025-04-12 17:25:47,820 - ERROR - Error processing row: current transaction is aborted, commands ignored until end of transaction block

2025-04-12 17:25:47,821 - ERROR - Error processing row: current transaction is aborted, commands ignored until end of transaction block

2025-04-12 17:25:47,821 - ERROR - Error processing row: current transaction is aborted, commands ignored until end of transaction block

2025-04-12 17:25:47,822 - ERROR - Error processing row: current transaction is aborted, commands ignored until end of transaction block

2025-04-12 17:25:47,823 - ERROR - Error processing row: current transaction is aborted, commands ignored until end of transaction block

2025-04-12 17:25:47,824 - ERROR - Error processing row: current transaction is aborted, commands ignored until end of transaction block

2025-04-12 17:25:47,824 - ERROR - Error processing row: current transaction is aborted, commands ignored until end of transaction block

2025-04-12 17:25:47,825 - ERROR - Error processing row: current transaction is aborted, commands ignored until end of transaction block

2025-04-12 17:25:47,826 - ERROR - Error processing row: current transaction is aborted, commands ignored until end of transaction block

2025-04-12 17:25:47,827 - ERROR - Error processing row: current transaction is aborted, commands ignored until end of transaction block

2025-04-12 17:25:47,827 - ERROR - Error processing row: current transaction is aborted, commands ignored until end of transaction block

2025-04-12 17:25:47,828 - ERROR - Error processing row: current transaction is aborted, commands ignored until end of transaction block

2025-04-12 17:25:47,829 - ERROR - Error processing row: current transaction is aborted, commands ignored until end of transaction block

2025-04-12 17:25:47,829 - ERROR - Error processing row: current transaction is aborted, commands ignored until end of transaction block

2025-04-12 17:25:47,830 - ERROR - Error processing row: current transaction is aborted, commands ignored until end of transaction block

2025-04-12 17:25:47,831 - ERROR - Error processing row: current transaction is aborted, commands ignored until end of transaction block

2025-04-12 17:25:47,831 - ERROR - Error processing row: current transaction is aborted, commands ignored until end of transaction block

2025-04-12 17:25:47,832 - ERROR - Error processing row: current transaction is aborted, commands ignored until end of transaction block

2025-04-12 17:25:47,833 - ERROR - Error processing row: current transaction is aborted, commands ignored until end of transaction block

2025-04-12 17:25:47,834 - ERROR - Error processing row: current transaction is aborted, commands ignored until end of transaction block

2025-04-12 17:25:47,836 - ERROR - Error processing row: current transaction is aborted, commands ignored until end of transaction block

2025-04-12 17:25:47,837 - ERROR - Error processing row: current transaction is aborted, commands ignored until end of transaction block

2025-04-12 17:25:47,838 - ERROR - Error processing row: current transaction is aborted, commands ignored until end of transaction block

2025-04-12 17:25:47,839 - ERROR - Error processing row: current transaction is aborted, commands ignored until end of transaction block

2025-04-12 17:25:47,840 - ERROR - Error processing row: current transaction is aborted, commands ignored until end of transaction block

2025-04-12 17:25:47,840 - ERROR - Error processing row: current transaction is aborted, commands ignored until end of transaction block

2025-04-12 17:25:47,841 - ERROR - Error processing row: current transaction is aborted, commands ignored until end of transaction block

2025-04-12 17:25:47,842 - ERROR - Error processing row: current transaction is aborted, commands ignored until end of transaction block

2025-04-12 17:25:47,842 - ERROR - Error processing row: current transaction is aborted, commands ignored until end of transaction block

2025-04-12 17:25:47,843 - ERROR - Error processing row: current transaction is aborted, commands ignored until end of transaction block

2025-04-12 17:25:47,844 - ERROR - Error processing row: current transaction is aborted, commands ignored until end of transaction block

2025-04-12 17:25:47,844 - ERROR - Error processing row: current transaction is aborted, commands ignored until end of transaction block

2025-04-12 17:25:47,845 - ERROR - Error processing row: current transaction is aborted, commands ignored until end of transaction block

2025-04-12 17:25:47,846 - ERROR - Error processing row: current transaction is aborted, commands ignored until end of transaction block

2025-04-12 17:25:47,847 - ERROR - Error processing row: current transaction is aborted, commands ignored until end of transaction block

2025-04-12 17:25:47,847 - ERROR - Error processing row: current transaction is aborted, commands ignored until end of transaction block

2025-04-12 17:25:47,848 - ERROR - Error processing row: current transaction is aborted, commands ignored until end of transaction block

2025-04-12 17:25:47,849 - ERROR - Error processing row: current transaction is aborted, commands ignored until end of transaction block

2025-04-12 17:25:47,850 - ERROR - Error processing row: current transaction is aborted, commands ignored until end of transaction block

2025-04-12 17:25:47,850 - ERROR - Error processing row: current transaction is aborted, commands ignored until end of transaction block

2025-04-12 17:25:47,851 - ERROR - Error processing row: current transaction is aborted, commands ignored until end of transaction block

2025-04-12 17:25:47,852 - ERROR - Error processing row: current transaction is aborted, commands ignored until end of transaction block

2025-04-12 17:25:47,853 - ERROR - Error processing row: current transaction is aborted, commands ignored until end of transaction block

2025-04-12 17:25:47,854 - ERROR - Error processing row: current transaction is aborted, commands ignored until end of transaction block

2025-04-12 17:25:47,855 - ERROR - Error processing row: current transaction is aborted, commands ignored until end of transaction block

2025-04-12 17:25:47,856 - ERROR - Error processing row: current transaction is aborted, commands ignored until end of transaction block

2025-04-12 17:25:47,857 - ERROR - Error processing row: current transaction is aborted, commands ignored until end of transaction block

2025-04-12 17:25:47,858 - ERROR - Error processing row: current transaction is aborted, commands ignored until end of transaction block

2025-04-12 17:25:47,858 - ERROR - Error processing row: current transaction is aborted, commands ignored until end of transaction block

2025-04-12 17:25:47,859 - ERROR - Error processing row: current transaction is aborted, commands ignored until end of transaction block

2025-04-12 17:25:47,860 - ERROR - Error processing row: current transaction is aborted, commands ignored until end of transaction block

2025-04-12 17:25:47,860 - ERROR - Error processing row: current transaction is aborted, commands ignored until end of transaction block

2025-04-12 17:25:47,861 - ERROR - Error processing row: current transaction is aborted, commands ignored until end of transaction block

2025-04-12 17:25:47,862 - ERROR - Error processing row: current transaction is aborted, commands ignored until end of transaction block

2025-04-12 17:25:47,862 - ERROR - Error processing row: current transaction is aborted, commands ignored until end of transaction block

2025-04-12 17:25:47,863 - ERROR - Error processing row: current transaction is aborted, commands ignored until end of transaction block

2025-04-12 17:25:47,864 - ERROR - Error processing row: current transaction is aborted, commands ignored until end of transaction block

2025-04-12 17:25:47,865 - ERROR - Error processing row: current transaction is aborted, commands ignored until end of transaction block

2025-04-12 17:25:47,866 - ERROR - Error processing row: current transaction is aborted, commands ignored until end of transaction block

2025-04-12 17:25:47,867 - ERROR - Error processing row: current transaction is aborted, commands ignored until end of transaction block

2025-04-12 17:25:47,870 - ERROR - Error processing row: current transaction is aborted, commands ignored until end of transaction block

2025-04-12 17:25:47,871 - ERROR - Error processing row: current transaction is aborted, commands ignored until end of transaction block

2025-04-12 17:25:47,873 - ERROR - Error processing row: current transaction is aborted, commands ignored until end of transaction block

2025-04-12 17:25:47,874 - ERROR - Error processing row: current transaction is aborted, commands ignored until end of transaction block

2025-04-12 17:25:47,875 - ERROR - Error processing row: current transaction is aborted, commands ignored until end of transaction block

2025-04-12 17:25:47,876 - ERROR - Error processing row: current transaction is aborted, commands ignored until end of transaction block

2025-04-12 17:25:47,877 - ERROR - Error processing row: current transaction is aborted, commands ignored until end of transaction block

2025-04-12 17:25:47,878 - ERROR - Error processing row: current transaction is aborted, commands ignored until end of transaction block

2025-04-12 17:25:47,879 - ERROR - Error processing row: current transaction is aborted, commands ignored until end of transaction block

2025-04-12 17:25:47,880 - ERROR - Error processing row: current transaction is aborted, commands ignored until end of transaction block

2025-04-12 17:25:47,880 - ERROR - Error processing row: current transaction is aborted, commands ignored until end of transaction block

2025-04-12 17:25:47,881 - ERROR - Error processing row: current transaction is aborted, commands ignored until end of transaction block

2025-04-12 17:25:47,882 - ERROR - Error processing row: current transaction is aborted, commands ignored until end of transaction block

2025-04-12 17:25:47,883 - ERROR - Error processing row: current transaction is aborted, commands ignored until end of transaction block

2025-04-12 17:25:47,883 - ERROR - Error processing row: current transaction is aborted, commands ignored until end of transaction block

2025-04-12 17:25:47,884 - ERROR - Error processing row: current transaction is aborted, commands ignored until end of transaction block

2025-04-12 17:25:47,885 - ERROR - Error processing row: current transaction is aborted, commands ignored until end of transaction block

2025-04-12 17:25:47,886 - ERROR - Error processing row: current transaction is aborted, commands ignored until end of transaction block

2025-04-12 17:25:47,887 - ERROR - Error processing row: current transaction is aborted, commands ignored until end of transaction block

2025-04-12 17:25:47,888 - ERROR - Error processing row: current transaction is aborted, commands ignored until end of transaction block

2025-04-12 17:25:47,889 - ERROR - Error processing row: current transaction is aborted, commands ignored until end of transaction block

2025-04-12 17:25:47,890 - ERROR - Error processing row: current transaction is aborted, commands ignored until end of transaction block

2025-04-12 17:25:47,891 - ERROR - Error processing row: current transaction is aborted, commands ignored until end of transaction block

2025-04-12 17:25:47,891 - ERROR - Error processing row: current transaction is aborted, commands ignored until end of transaction block

2025-04-12 17:25:47,892 - ERROR - Error processing row: current transaction is aborted, commands ignored until end of transaction block

2025-04-12 17:25:47,893 - ERROR - Error processing row: current transaction is aborted, commands ignored until end of transaction block

2025-04-12 17:25:47,893 - ERROR - Error processing row: current transaction is aborted, commands ignored until end of transaction block

2025-04-12 17:25:47,894 - ERROR - Error processing row: current transaction is aborted, commands ignored until end of transaction block

2025-04-12 17:25:47,895 - ERROR - Error processing row: current transaction is aborted, commands ignored until end of transaction block

2025-04-12 17:25:47,896 - ERROR - Error processing row: current transaction is aborted, commands ignored until end of transaction block

2025-04-12 17:25:47,896 - ERROR - Error processing row: current transaction is aborted, commands ignored until end of transaction block

2025-04-12 17:25:47,897 - ERROR - Error processing row: current transaction is aborted, commands ignored until end of transaction block

2025-04-12 17:25:47,898 - ERROR - Error processing row: current transaction is aborted, commands ignored until end of transaction block

2025-04-12 17:25:47,898 - ERROR - Error processing row: current transaction is aborted, commands ignored until end of transaction block

2025-04-12 17:25:47,899 - ERROR - Error processing row: current transaction is aborted, commands ignored until end of transaction block

2025-04-12 17:25:47,900 - ERROR - Error processing row: current transaction is aborted, commands ignored until end of transaction block

2025-04-12 17:25:47,901 - ERROR - Error processing row: current transaction is aborted, commands ignored until end of transaction block

2025-04-12 17:25:47,902 - ERROR - Error processing row: current transaction is aborted, commands ignored until end of transaction block

2025-04-12 17:25:47,903 - ERROR - Error processing row: current transaction is aborted, commands ignored until end of transaction block

2025-04-12 17:25:47,904 - ERROR - Error processing row: current transaction is aborted, commands ignored until end of transaction block

2025-04-12 17:25:47,905 - ERROR - Error processing row: current transaction is aborted, commands ignored until end of transaction block

2025-04-12 17:25:47,906 - ERROR - Error processing row: current transaction is aborted, commands ignored until end of transaction block

2025-04-12 17:25:47,907 - ERROR - Error processing row: current transaction is aborted, commands ignored until end of transaction block

2025-04-12 17:25:47,908 - ERROR - Error processing row: current transaction is aborted, commands ignored until end of transaction block

2025-04-12 17:25:47,908 - ERROR - Error processing row: current transaction is aborted, commands ignored until end of transaction block

2025-04-12 17:25:47,909 - ERROR - Error processing row: current transaction is aborted, commands ignored until end of transaction block

2025-04-12 17:25:47,910 - ERROR - Error processing row: current transaction is aborted, commands ignored until end of transaction block

2025-04-12 17:25:47,910 - ERROR - Error processing row: current transaction is aborted, commands ignored until end of transaction block

2025-04-12 17:25:47,911 - ERROR - Error processing row: current transaction is aborted, commands ignored until end of transaction block

2025-04-12 17:25:47,912 - ERROR - Error processing row: current transaction is aborted, commands ignored until end of transaction block

2025-04-12 17:25:47,913 - ERROR - Error processing row: current transaction is aborted, commands ignored until end of transaction block

2025-04-12 17:25:47,914 - ERROR - Error processing row: current transaction is aborted, commands ignored until end of transaction block

2025-04-12 17:25:47,915 - ERROR - Error processing row: current transaction is aborted, commands ignored until end of transaction block

2025-04-12 17:25:47,916 - ERROR - Error processing row: current transaction is aborted, commands ignored until end of transaction block

2025-04-12 17:25:47,916 - ERROR - Error processing row: current transaction is aborted, commands ignored until end of transaction block

2025-04-12 17:25:47,917 - ERROR - Error processing row: current transaction is aborted, commands ignored until end of transaction block

2025-04-12 17:25:47,918 - ERROR - Error processing row: current transaction is aborted, commands ignored until end of transaction block

2025-04-12 17:25:47,919 - ERROR - Error processing row: current transaction is aborted, commands ignored until end of transaction block

2025-04-12 17:25:47,920 - ERROR - Error processing row: current transaction is aborted, commands ignored until end of transaction block

2025-04-12 17:25:47,921 - ERROR - Error processing row: current transaction is aborted, commands ignored until end of transaction block

2025-04-12 17:25:47,922 - ERROR - Error processing row: current transaction is aborted, commands ignored until end of transaction block

2025-04-12 17:25:47,923 - ERROR - Error processing row: current transaction is aborted, commands ignored until end of transaction block

2025-04-12 17:25:47,924 - ERROR - Error processing row: current transaction is aborted, commands ignored until end of transaction block

2025-04-12 17:25:47,924 - ERROR - Error processing row: current transaction is aborted, commands ignored until end of transaction block

2025-04-12 17:25:47,925 - ERROR - Error processing row: current transaction is aborted, commands ignored until end of transaction block

2025-04-12 17:25:47,926 - ERROR - Error processing row: current transaction is aborted, commands ignored until end of transaction block

2025-04-12 17:25:47,926 - ERROR - Error processing row: current transaction is aborted, commands ignored until end of transaction block

2025-04-12 17:25:47,927 - ERROR - Error processing row: current transaction is aborted, commands ignored until end of transaction block

2025-04-12 17:25:47,928 - ERROR - Error processing row: current transaction is aborted, commands ignored until end of transaction block

2025-04-12 17:25:47,929 - ERROR - Error processing row: current transaction is aborted, commands ignored until end of transaction block

2025-04-12 17:25:47,930 - ERROR - Error processing row: current transaction is aborted, commands ignored until end of transaction block

2025-04-12 17:25:47,930 - ERROR - Error processing row: current transaction is aborted, commands ignored until end of transaction block

2025-04-12 17:25:47,931 - ERROR - Error processing row: current transaction is aborted, commands ignored until end of transaction block

2025-04-12 17:25:47,932 - ERROR - Error processing row: current transaction is aborted, commands ignored until end of transaction block

2025-04-12 17:25:47,932 - ERROR - Error processing row: current transaction is aborted, commands ignored until end of transaction block

2025-04-12 17:25:47,933 - ERROR - Error processing row: current transaction is aborted, commands ignored until end of transaction block

2025-04-12 17:25:47,934 - ERROR - Error processing row: current transaction is aborted, commands ignored until end of transaction block

2025-04-12 17:25:47,935 - ERROR - Error processing row: current transaction is aborted, commands ignored until end of transaction block

2025-04-12 17:25:47,936 - ERROR - Error processing row: current transaction is aborted, commands ignored until end of transaction block

2025-04-12 17:25:47,937 - ERROR - Error processing row: current transaction is aborted, commands ignored until end of transaction block

2025-04-12 17:25:47,938 - ERROR - Error processing row: current transaction is aborted, commands ignored until end of transaction block

2025-04-12 17:25:47,939 - ERROR - Error processing row: current transaction is aborted, commands ignored until end of transaction block

2025-04-12 17:25:47,940 - ERROR - Error processing row: current transaction is aborted, commands ignored until end of transaction block

2025-04-12 17:25:47,941 - ERROR - Error processing row: current transaction is aborted, commands ignored until end of transaction block

2025-04-12 17:25:47,941 - ERROR - Error processing row: current transaction is aborted, commands ignored until end of transaction block

2025-04-12 17:25:47,942 - ERROR - Error processing row: current transaction is aborted, commands ignored until end of transaction block

2025-04-12 17:25:47,943 - ERROR - Error processing row: current transaction is aborted, commands ignored until end of transaction block

2025-04-12 17:25:47,944 - ERROR - Error processing row: current transaction is aborted, commands ignored until end of transaction block

2025-04-12 17:25:47,945 - ERROR - Error processing row: current transaction is aborted, commands ignored until end of transaction block

2025-04-12 17:25:47,946 - ERROR - Error processing row: current transaction is aborted, commands ignored until end of transaction block

2025-04-12 17:25:47,947 - ERROR - Error processing row: current transaction is aborted, commands ignored until end of transaction block

2025-04-12 17:25:47,948 - ERROR - Error processing row: current transaction is aborted, commands ignored until end of transaction block

2025-04-12 17:25:47,949 - ERROR - Error processing row: current transaction is aborted, commands ignored until end of transaction block

2025-04-12 17:25:47,950 - ERROR - Error processing row: current transaction is aborted, commands ignored until end of transaction block

2025-04-12 17:25:47,951 - ERROR - Error processing row: current transaction is aborted, commands ignored until end of transaction block

2025-04-12 17:25:47,952 - ERROR - Error processing row: current transaction is aborted, commands ignored until end of transaction block

2025-04-12 17:25:47,953 - ERROR - Error processing row: current transaction is aborted, commands ignored until end of transaction block

2025-04-12 17:25:47,955 - ERROR - Error processing row: current transaction is aborted, commands ignored until end of transaction block

2025-04-12 17:25:47,956 - ERROR - Error processing row: current transaction is aborted, commands ignored until end of transaction block

2025-04-12 17:25:47,957 - ERROR - Error processing row: current transaction is aborted, commands ignored until end of transaction block

2025-04-12 17:25:47,958 - ERROR - Error processing row: current transaction is aborted, commands ignored until end of transaction block

2025-04-12 17:25:47,959 - ERROR - Error processing row: current transaction is aborted, commands ignored until end of transaction block

2025-04-12 17:25:47,960 - ERROR - Error processing row: current transaction is aborted, commands ignored until end of transaction block

2025-04-12 17:25:47,961 - ERROR - Error processing row: current transaction is aborted, commands ignored until end of transaction block

2025-04-12 17:25:47,965 - ERROR - Error processing row: current transaction is aborted, commands ignored until end of transaction block

2025-04-12 17:25:47,966 - ERROR - Error processing row: current transaction is aborted, commands ignored until end of transaction block

2025-04-12 17:25:47,968 - ERROR - Error processing row: current transaction is aborted, commands ignored until end of transaction block

2025-04-12 17:25:47,970 - ERROR - Error processing row: current transaction is aborted, commands ignored until end of transaction block

2025-04-12 17:25:47,971 - ERROR - Error processing row: current transaction is aborted, commands ignored until end of transaction block

2025-04-12 17:25:47,973 - ERROR - Error processing row: current transaction is aborted, commands ignored until end of transaction block

2025-04-12 17:25:47,974 - ERROR - Error processing row: current transaction is aborted, commands ignored until end of transaction block

2025-04-12 17:25:47,975 - ERROR - Error processing row: current transaction is aborted, commands ignored until end of transaction block

2025-04-12 17:25:47,976 - ERROR - Error processing row: current transaction is aborted, commands ignored until end of transaction block

2025-04-12 17:25:47,977 - ERROR - Error processing row: current transaction is aborted, commands ignored until end of transaction block

2025-04-12 17:25:47,978 - ERROR - Error processing row: current transaction is aborted, commands ignored until end of transaction block

2025-04-12 17:25:47,979 - ERROR - Error processing row: current transaction is aborted, commands ignored until end of transaction block

2025-04-12 17:25:47,980 - ERROR - Error processing row: current transaction is aborted, commands ignored until end of transaction block

2025-04-12 17:25:47,980 - ERROR - Error processing row: current transaction is aborted, commands ignored until end of transaction block

2025-04-12 17:25:47,981 - ERROR - Error processing row: current transaction is aborted, commands ignored until end of transaction block

2025-04-12 17:25:47,982 - ERROR - Error processing row: current transaction is aborted, commands ignored until end of transaction block

2025-04-12 17:25:47,985 - ERROR - Error processing row: current transaction is aborted, commands ignored until end of transaction block

2025-04-12 17:25:47,987 - ERROR - Error processing row: current transaction is aborted, commands ignored until end of transaction block

2025-04-12 17:25:47,988 - ERROR - Error processing row: current transaction is aborted, commands ignored until end of transaction block

2025-04-12 17:25:47,990 - ERROR - Error processing row: current transaction is aborted, commands ignored until end of transaction block

2025-04-12 17:25:47,992 - ERROR - Error processing row: current transaction is aborted, commands ignored until end of transaction block

2025-04-12 17:25:47,992 - ERROR - Error processing row: current transaction is aborted, commands ignored until end of transaction block

2025-04-12 17:25:47,993 - ERROR - Error processing row: current transaction is aborted, commands ignored until end of transaction block

2025-04-12 17:25:47,994 - ERROR - Error processing row: current transaction is aborted, commands ignored until end of transaction block

2025-04-12 17:25:47,995 - ERROR - Error processing row: current transaction is aborted, commands ignored until end of transaction block

2025-04-12 17:25:47,995 - ERROR - Error processing row: current transaction is aborted, commands ignored until end of transaction block

2025-04-12 17:25:47,996 - ERROR - Error processing row: current transaction is aborted, commands ignored until end of transaction block

2025-04-12 17:25:47,997 - ERROR - Error processing row: current transaction is aborted, commands ignored until end of transaction block

2025-04-12 17:25:47,998 - ERROR - Error processing row: current transaction is aborted, commands ignored until end of transaction block

2025-04-12 17:25:47,998 - ERROR - Error processing row: current transaction is aborted, commands ignored until end of transaction block

2025-04-12 17:25:47,999 - ERROR - Error processing row: current transaction is aborted, commands ignored until end of transaction block

2025-04-12 17:25:48,003 - ERROR - Error processing row: current transaction is aborted, commands ignored until end of transaction block

2025-04-12 17:25:48,004 - ERROR - Error processing row: current transaction is aborted, commands ignored until end of transaction block

2025-04-12 17:25:48,006 - ERROR - Error processing row: current transaction is aborted, commands ignored until end of transaction block

2025-04-12 17:25:48,007 - ERROR - Error processing row: current transaction is aborted, commands ignored until end of transaction block

2025-04-12 17:25:48,008 - ERROR - Error processing row: current transaction is aborted, commands ignored until end of transaction block

2025-04-12 17:25:48,009 - ERROR - Error processing row: current transaction is aborted, commands ignored until end of transaction block

2025-04-12 17:25:48,010 - ERROR - Error processing row: current transaction is aborted, commands ignored until end of transaction block

2025-04-12 17:25:48,011 - ERROR - Error processing row: current transaction is aborted, commands ignored until end of transaction block

2025-04-12 17:25:48,012 - ERROR - Error processing row: current transaction is aborted, commands ignored until end of transaction block

2025-04-12 17:25:48,013 - ERROR - Error processing row: current transaction is aborted, commands ignored until end of transaction block

2025-04-12 17:25:48,014 - ERROR - Error processing row: current transaction is aborted, commands ignored until end of transaction block

2025-04-12 17:25:48,014 - ERROR - Error processing row: current transaction is aborted, commands ignored until end of transaction block

2025-04-12 17:25:48,015 - ERROR - Error processing row: current transaction is aborted, commands ignored until end of transaction block

2025-04-12 17:25:48,016 - ERROR - Error processing row: current transaction is aborted, commands ignored until end of transaction block

2025-04-12 17:25:48,017 - ERROR - Error processing row: current transaction is aborted, commands ignored until end of transaction block

2025-04-12 17:25:48,018 - ERROR - Error processing row: current transaction is aborted, commands ignored until end of transaction block

2025-04-12 17:25:48,019 - ERROR - Error processing row: current transaction is aborted, commands ignored until end of transaction block

2025-04-12 17:25:48,021 - ERROR - Error processing row: current transaction is aborted, commands ignored until end of transaction block

2025-04-12 17:25:48,023 - ERROR - Error processing row: current transaction is aborted, commands ignored until end of transaction block

2025-04-12 17:25:48,023 - ERROR - Error processing row: current transaction is aborted, commands ignored until end of transaction block

2025-04-12 17:25:48,024 - ERROR - Error processing row: current transaction is aborted, commands ignored until end of transaction block

2025-04-12 17:25:48,025 - ERROR - Error processing row: current transaction is aborted, commands ignored until end of transaction block

2025-04-12 17:25:48,025 - ERROR - Error processing row: current transaction is aborted, commands ignored until end of transaction block

2025-04-12 17:25:48,026 - ERROR - Error processing row: current transaction is aborted, commands ignored until end of transaction block

2025-04-12 17:25:48,027 - ERROR - Error processing row: current transaction is aborted, commands ignored until end of transaction block

2025-04-12 17:25:48,027 - ERROR - Error processing row: current transaction is aborted, commands ignored until end of transaction block

2025-04-12 17:25:48,028 - ERROR - Error processing row: current transaction is aborted, commands ignored until end of transaction block

2025-04-12 17:25:48,028 - ERROR - Error processing row: current transaction is aborted, commands ignored until end of transaction block

2025-04-12 17:25:48,029 - ERROR - Error processing row: current transaction is aborted, commands ignored until end of transaction block

2025-04-12 17:25:48,030 - ERROR - Error processing row: current transaction is aborted, commands ignored until end of transaction block

2025-04-12 17:25:48,030 - ERROR - Error processing row: current transaction is aborted, commands ignored until end of transaction block

2025-04-12 17:25:48,031 - ERROR - Error processing row: current transaction is aborted, commands ignored until end of transaction block

2025-04-12 17:25:48,032 - ERROR - Error processing row: current transaction is aborted, commands ignored until end of transaction block

2025-04-12 17:25:48,032 - ERROR - Error processing row: current transaction is aborted, commands ignored until end of transaction block

2025-04-12 17:25:48,033 - ERROR - Error processing row: current transaction is aborted, commands ignored until end of transaction block

2025-04-12 17:25:48,034 - ERROR - Error processing row: current transaction is aborted, commands ignored until end of transaction block

2025-04-12 17:25:48,034 - ERROR - Error processing row: current transaction is aborted, commands ignored until end of transaction block

2025-04-12 17:25:48,035 - ERROR - Error processing row: current transaction is aborted, commands ignored until end of transaction block

2025-04-12 17:25:48,036 - ERROR - Error processing row: current transaction is aborted, commands ignored until end of transaction block

2025-04-12 17:25:48,038 - ERROR - Error processing row: current transaction is aborted, commands ignored until end of transaction block

2025-04-12 17:25:48,039 - ERROR - Error processing row: current transaction is aborted, commands ignored until end of transaction block

2025-04-12 17:25:48,040 - ERROR - Error processing row: current transaction is aborted, commands ignored until end of transaction block

2025-04-12 17:25:48,041 - ERROR - Error processing row: current transaction is aborted, commands ignored until end of transaction block

2025-04-12 17:25:48,041 - ERROR - Error processing row: current transaction is aborted, commands ignored until end of transaction block

2025-04-12 17:25:48,042 - ERROR - Error processing row: current transaction is aborted, commands ignored until end of transaction block

2025-04-12 17:25:48,042 - ERROR - Error processing row: current transaction is aborted, commands ignored until end of transaction block

2025-04-12 17:25:48,043 - ERROR - Error processing row: current transaction is aborted, commands ignored until end of transaction block

2025-04-12 17:25:48,044 - ERROR - Error processing row: current transaction is aborted, commands ignored until end of transaction block

2025-04-12 17:25:48,044 - ERROR - Error processing row: current transaction is aborted, commands ignored until end of transaction block

2025-04-12 17:25:48,045 - ERROR - Error processing row: current transaction is aborted, commands ignored until end of transaction block

2025-04-12 17:25:48,045 - ERROR - Error processing row: current transaction is aborted, commands ignored until end of transaction block

2025-04-12 17:25:48,046 - ERROR - Error processing row: current transaction is aborted, commands ignored until end of transaction block

2025-04-12 17:25:48,047 - ERROR - Error processing row: current transaction is aborted, commands ignored until end of transaction block

2025-04-12 17:25:48,047 - ERROR - Error processing row: current transaction is aborted, commands ignored until end of transaction block

2025-04-12 17:25:48,048 - ERROR - Error processing row: current transaction is aborted, commands ignored until end of transaction block

2025-04-12 17:25:48,049 - ERROR - Error processing row: current transaction is aborted, commands ignored until end of transaction block

2025-04-12 17:25:48,049 - ERROR - Error processing row: current transaction is aborted, commands ignored until end of transaction block

2025-04-12 17:25:48,050 - ERROR - Error processing row: current transaction is aborted, commands ignored until end of transaction block

2025-04-12 17:25:48,051 - ERROR - Error processing row: current transaction is aborted, commands ignored until end of transaction block

2025-04-12 17:25:48,052 - ERROR - Error processing row: current transaction is aborted, commands ignored until end of transaction block

2025-04-12 17:25:48,053 - ERROR - Error processing row: current transaction is aborted, commands ignored until end of transaction block

2025-04-12 17:25:48,054 - ERROR - Error processing row: current transaction is aborted, commands ignored until end of transaction block

2025-04-12 17:25:48,056 - ERROR - Error processing row: current transaction is aborted, commands ignored until end of transaction block

2025-04-12 17:25:48,057 - ERROR - Error processing row: current transaction is aborted, commands ignored until end of transaction block

2025-04-12 17:25:48,057 - ERROR - Error processing row: current transaction is aborted, commands ignored until end of transaction block

2025-04-12 17:25:48,058 - ERROR - Error processing row: current transaction is aborted, commands ignored until end of transaction block

2025-04-12 17:25:48,058 - ERROR - Error processing row: current transaction is aborted, commands ignored until end of transaction block

2025-04-12 17:25:48,059 - ERROR - Error processing row: current transaction is aborted, commands ignored until end of transaction block

2025-04-12 17:25:48,060 - ERROR - Error processing row: current transaction is aborted, commands ignored until end of transaction block

2025-04-12 17:25:48,060 - ERROR - Error processing row: current transaction is aborted, commands ignored until end of transaction block

2025-04-12 17:25:48,061 - ERROR - Error processing row: current transaction is aborted, commands ignored until end of transaction block

2025-04-12 17:25:48,062 - ERROR - Error processing row: current transaction is aborted, commands ignored until end of transaction block

2025-04-12 17:25:48,062 - ERROR - Error processing row: current transaction is aborted, commands ignored until end of transaction block

2025-04-12 17:25:48,063 - ERROR - Error processing row: current transaction is aborted, commands ignored until end of transaction block

2025-04-12 17:25:48,063 - ERROR - Error processing row: current transaction is aborted, commands ignored until end of transaction block

2025-04-12 17:25:48,064 - ERROR - Error processing row: current transaction is aborted, commands ignored until end of transaction block

2025-04-12 17:25:48,065 - ERROR - Error processing row: current transaction is aborted, commands ignored until end of transaction block

2025-04-12 17:25:48,065 - ERROR - Error processing row: current transaction is aborted, commands ignored until end of transaction block

2025-04-12 17:25:48,066 - ERROR - Error processing row: current transaction is aborted, commands ignored until end of transaction block

2025-04-12 17:25:48,067 - ERROR - Error processing row: current transaction is aborted, commands ignored until end of transaction block

2025-04-12 17:25:48,067 - ERROR - Error processing row: current transaction is aborted, commands ignored until end of transaction block

2025-04-12 17:25:48,069 - ERROR - Error processing row: current transaction is aborted, commands ignored until end of transaction block

2025-04-12 17:25:48,070 - ERROR - Error processing row: current transaction is aborted, commands ignored until end of transaction block

2025-04-12 17:25:48,071 - ERROR - Error processing row: current transaction is aborted, commands ignored until end of transaction block

2025-04-12 17:25:48,072 - ERROR - Error processing row: current transaction is aborted, commands ignored until end of transaction block

2025-04-12 17:25:48,073 - ERROR - Error processing row: current transaction is aborted, commands ignored until end of transaction block

2025-04-12 17:25:48,074 - ERROR - Error processing row: current transaction is aborted, commands ignored until end of transaction block

2025-04-12 17:25:48,074 - ERROR - Error processing row: current transaction is aborted, commands ignored until end of transaction block

2025-04-12 17:25:48,075 - ERROR - Error processing row: current transaction is aborted, commands ignored until end of transaction block

2025-04-12 17:25:48,075 - ERROR - Error processing row: current transaction is aborted, commands ignored until end of transaction block

2025-04-12 17:25:48,076 - ERROR - Error processing row: current transaction is aborted, commands ignored until end of transaction block

2025-04-12 17:25:48,077 - ERROR - Error processing row: current transaction is aborted, commands ignored until end of transaction block

2025-04-12 17:25:48,077 - ERROR - Error processing row: current transaction is aborted, commands ignored until end of transaction block

2025-04-12 17:25:48,078 - ERROR - Error processing row: current transaction is aborted, commands ignored until end of transaction block

2025-04-12 17:25:48,079 - ERROR - Error processing row: current transaction is aborted, commands ignored until end of transaction block

2025-04-12 17:25:48,079 - ERROR - Error processing row: current transaction is aborted, commands ignored until end of transaction block

2025-04-12 17:25:48,080 - ERROR - Error processing row: current transaction is aborted, commands ignored until end of transaction block

2025-04-12 17:25:48,080 - ERROR - Error processing row: current transaction is aborted, commands ignored until end of transaction block

2025-04-12 17:25:48,081 - ERROR - Error processing row: current transaction is aborted, commands ignored until end of transaction block

2025-04-12 17:25:48,082 - ERROR - Error processing row: current transaction is aborted, commands ignored until end of transaction block

2025-04-12 17:25:48,082 - ERROR - Error processing row: current transaction is aborted, commands ignored until end of transaction block

2025-04-12 17:25:48,083 - ERROR - Error processing row: current transaction is aborted, commands ignored until end of transaction block

2025-04-12 17:25:48,084 - ERROR - Error processing row: current transaction is aborted, commands ignored until end of transaction block

2025-04-12 17:25:48,085 - ERROR - Error processing row: current transaction is aborted, commands ignored until end of transaction block

2025-04-12 17:25:48,086 - ERROR - Error processing row: current transaction is aborted, commands ignored until end of transaction block

2025-04-12 17:25:48,087 - ERROR - Error processing row: current transaction is aborted, commands ignored until end of transaction block

2025-04-12 17:25:48,088 - ERROR - Error processing row: current transaction is aborted, commands ignored until end of transaction block

2025-04-12 17:25:48,089 - ERROR - Error processing row: current transaction is aborted, commands ignored until end of transaction block

2025-04-12 17:25:48,090 - ERROR - Error processing row: current transaction is aborted, commands ignored until end of transaction block

2025-04-12 17:25:48,091 - ERROR - Error processing row: current transaction is aborted, commands ignored until end of transaction block

2025-04-12 17:25:48,092 - ERROR - Error processing row: current transaction is aborted, commands ignored until end of transaction block

2025-04-12 17:25:48,093 - ERROR - Error processing row: current transaction is aborted, commands ignored until end of transaction block

2025-04-12 17:25:48,094 - ERROR - Error processing row: current transaction is aborted, commands ignored until end of transaction block

2025-04-12 17:25:48,094 - ERROR - Error processing row: current transaction is aborted, commands ignored until end of transaction block

2025-04-12 17:25:48,095 - ERROR - Error processing row: current transaction is aborted, commands ignored until end of transaction block

2025-04-12 17:25:48,096 - ERROR - Error processing row: current transaction is aborted, commands ignored until end of transaction block

2025-04-12 17:25:48,097 - ERROR - Error processing row: current transaction is aborted, commands ignored until end of transaction block

2025-04-12 17:25:48,097 - ERROR - Error processing row: current transaction is aborted, commands ignored until end of transaction block

2025-04-12 17:25:48,098 - ERROR - Error processing row: current transaction is aborted, commands ignored until end of transaction block

2025-04-12 17:25:48,099 - ERROR - Error processing row: current transaction is aborted, commands ignored until end of transaction block

2025-04-12 17:25:48,100 - ERROR - Error processing row: current transaction is aborted, commands ignored until end of transaction block

2025-04-12 17:25:48,101 - ERROR - Error processing row: current transaction is aborted, commands ignored until end of transaction block

2025-04-12 17:25:48,103 - ERROR - Error processing row: current transaction is aborted, commands ignored until end of transaction block

2025-04-12 17:25:48,104 - ERROR - Error processing row: current transaction is aborted, commands ignored until end of transaction block

2025-04-12 17:25:48,105 - ERROR - Error processing row: current transaction is aborted, commands ignored until end of transaction block

2025-04-12 17:25:48,106 - ERROR - Error processing row: current transaction is aborted, commands ignored until end of transaction block

2025-04-12 17:25:48,107 - ERROR - Error processing row: current transaction is aborted, commands ignored until end of transaction block

2025-04-12 17:25:48,108 - ERROR - Error processing row: current transaction is aborted, commands ignored until end of transaction block

2025-04-12 17:25:48,109 - ERROR - Error processing row: current transaction is aborted, commands ignored until end of transaction block

2025-04-12 17:25:48,109 - ERROR - Error processing row: current transaction is aborted, commands ignored until end of transaction block

2025-04-12 17:25:48,110 - ERROR - Error processing row: current transaction is aborted, commands ignored until end of transaction block

2025-04-12 17:25:48,111 - ERROR - Error processing row: current transaction is aborted, commands ignored until end of transaction block

2025-04-12 17:25:48,112 - ERROR - Error processing row: current transaction is aborted, commands ignored until end of transaction block

2025-04-12 17:25:48,113 - ERROR - Error processing row: current transaction is aborted, commands ignored until end of transaction block

2025-04-12 17:25:48,113 - ERROR - Error processing row: current transaction is aborted, commands ignored until end of transaction block

2025-04-12 17:25:48,114 - ERROR - Error processing row: current transaction is aborted, commands ignored until end of transaction block

2025-04-12 17:25:48,115 - ERROR - Error processing row: current transaction is aborted, commands ignored until end of transaction block

2025-04-12 17:25:48,116 - ERROR - Error processing row: current transaction is aborted, commands ignored until end of transaction block

2025-04-12 17:25:48,117 - ERROR - Error processing row: current transaction is aborted, commands ignored until end of transaction block

2025-04-12 17:25:48,122 - ERROR - Error processing row: current transaction is aborted, commands ignored until end of transaction block

2025-04-12 17:25:48,123 - ERROR - Error processing row: current transaction is aborted, commands ignored until end of transaction block

2025-04-12 17:25:48,125 - ERROR - Error processing row: current transaction is aborted, commands ignored until end of transaction block

2025-04-12 17:25:48,125 - ERROR - Error processing row: current transaction is aborted, commands ignored until end of transaction block

2025-04-12 17:25:48,126 - ERROR - Error processing row: current transaction is aborted, commands ignored until end of transaction block

2025-04-12 17:25:48,127 - ERROR - Error processing row: current transaction is aborted, commands ignored until end of transaction block

2025-04-12 17:25:48,128 - ERROR - Error processing row: current transaction is aborted, commands ignored until end of transaction block

2025-04-12 17:25:48,129 - ERROR - Error processing row: current transaction is aborted, commands ignored until end of transaction block

2025-04-12 17:25:48,129 - ERROR - Error processing row: current transaction is aborted, commands ignored until end of transaction block

2025-04-12 17:25:48,130 - ERROR - Error processing row: current transaction is aborted, commands ignored until end of transaction block

2025-04-12 17:25:48,131 - ERROR - Error processing row: current transaction is aborted, commands ignored until end of transaction block

2025-04-12 17:25:48,132 - ERROR - Error processing row: current transaction is aborted, commands ignored until end of transaction block

2025-04-12 17:25:48,133 - ERROR - Error processing row: current transaction is aborted, commands ignored until end of transaction block

2025-04-12 17:25:48,134 - ERROR - Error processing row: current transaction is aborted, commands ignored until end of transaction block

2025-04-12 17:25:48,135 - ERROR - Error processing row: current transaction is aborted, commands ignored until end of transaction block

2025-04-12 17:25:48,136 - ERROR - Error processing row: current transaction is aborted, commands ignored until end of transaction block

2025-04-12 17:25:48,138 - ERROR - Error processing row: current transaction is aborted, commands ignored until end of transaction block

2025-04-12 17:25:48,139 - ERROR - Error processing row: current transaction is aborted, commands ignored until end of transaction block

2025-04-12 17:25:48,140 - ERROR - Error processing row: current transaction is aborted, commands ignored until end of transaction block

2025-04-12 17:25:48,141 - ERROR - Error processing row: current transaction is aborted, commands ignored until end of transaction block

2025-04-12 17:25:48,142 - ERROR - Error processing row: current transaction is aborted, commands ignored until end of transaction block

2025-04-12 17:25:48,142 - ERROR - Error processing row: current transaction is aborted, commands ignored until end of transaction block

2025-04-12 17:25:48,143 - ERROR - Error processing row: current transaction is aborted, commands ignored until end of transaction block

2025-04-12 17:25:48,144 - ERROR - Error processing row: current transaction is aborted, commands ignored until end of transaction block

2025-04-12 17:25:48,145 - ERROR - Error processing row: current transaction is aborted, commands ignored until end of transaction block

2025-04-12 17:25:48,146 - ERROR - Error processing row: current transaction is aborted, commands ignored until end of transaction block

2025-04-12 17:25:48,146 - ERROR - Error processing row: current transaction is aborted, commands ignored until end of transaction block

2025-04-12 17:25:48,147 - ERROR - Error processing row: current transaction is aborted, commands ignored until end of transaction block

2025-04-12 17:25:48,148 - ERROR - Error processing row: current transaction is aborted, commands ignored until end of transaction block

2025-04-12 17:25:48,149 - ERROR - Error processing row: current transaction is aborted, commands ignored until end of transaction block

2025-04-12 17:25:48,150 - ERROR - Error processing row: current transaction is aborted, commands ignored until end of transaction block

2025-04-12 17:25:48,151 - ERROR - Error processing row: current transaction is aborted, commands ignored until end of transaction block

2025-04-12 17:25:48,152 - ERROR - Error processing row: current transaction is aborted, commands ignored until end of transaction block

2025-04-12 17:25:48,153 - ERROR - Error processing row: current transaction is aborted, commands ignored until end of transaction block

2025-04-12 17:25:48,154 - ERROR - Error processing row: current transaction is aborted, commands ignored until end of transaction block

2025-04-12 17:25:48,155 - ERROR - Error processing row: current transaction is aborted, commands ignored until end of transaction block

2025-04-12 17:25:48,156 - ERROR - Error processing row: current transaction is aborted, commands ignored until end of transaction block

2025-04-12 17:25:48,157 - ERROR - Error processing row: current transaction is aborted, commands ignored until end of transaction block

2025-04-12 17:25:48,158 - ERROR - Error processing row: current transaction is aborted, commands ignored until end of transaction block

2025-04-12 17:25:48,159 - ERROR - Error processing row: current transaction is aborted, commands ignored until end of transaction block

2025-04-12 17:25:48,160 - ERROR - Error processing row: current transaction is aborted, commands ignored until end of transaction block

2025-04-12 17:25:48,160 - ERROR - Error processing row: current transaction is aborted, commands ignored until end of transaction block

2025-04-12 17:25:48,161 - ERROR - Error processing row: current transaction is aborted, commands ignored until end of transaction block

2025-04-12 17:25:48,162 - ERROR - Error processing row: current transaction is aborted, commands ignored until end of transaction block

2025-04-12 17:25:48,163 - ERROR - Error processing row: current transaction is aborted, commands ignored until end of transaction block

2025-04-12 17:25:48,164 - ERROR - Error processing row: current transaction is aborted, commands ignored until end of transaction block

2025-04-12 17:25:48,165 - ERROR - Error processing row: current transaction is aborted, commands ignored until end of transaction block

2025-04-12 17:25:48,166 - ERROR - Error processing row: current transaction is aborted, commands ignored until end of transaction block

2025-04-12 17:25:48,166 - ERROR - Error processing row: current transaction is aborted, commands ignored until end of transaction block

2025-04-12 17:25:48,167 - ERROR - Error processing row: current transaction is aborted, commands ignored until end of transaction block

2025-04-12 17:25:48,169 - ERROR - Error processing row: current transaction is aborted, commands ignored until end of transaction block

2025-04-12 17:25:48,170 - ERROR - Error processing row: current transaction is aborted, commands ignored until end of transaction block

2025-04-12 17:25:48,171 - ERROR - Error processing row: current transaction is aborted, commands ignored until end of transaction block

2025-04-12 17:25:48,172 - ERROR - Error processing row: current transaction is aborted, commands ignored until end of transaction block

2025-04-12 17:25:48,173 - ERROR - Error processing row: current transaction is aborted, commands ignored until end of transaction block

2025-04-12 17:25:48,174 - ERROR - Error processing row: current transaction is aborted, commands ignored until end of transaction block

2025-04-12 17:25:48,175 - ERROR - Error processing row: current transaction is aborted, commands ignored until end of transaction block

2025-04-12 17:25:48,175 - ERROR - Error processing row: current transaction is aborted, commands ignored until end of transaction block

2025-04-12 17:25:48,176 - ERROR - Error processing row: current transaction is aborted, commands ignored until end of transaction block

2025-04-12 17:25:48,176 - ERROR - Error processing row: current transaction is aborted, commands ignored until end of transaction block

2025-04-12 17:25:48,177 - ERROR - Error processing row: current transaction is aborted, commands ignored until end of transaction block

2025-04-12 17:25:48,178 - ERROR - Error processing row: current transaction is aborted, commands ignored until end of transaction block

2025-04-12 17:25:48,179 - ERROR - Error processing row: current transaction is aborted, commands ignored until end of transaction block

2025-04-12 17:25:48,179 - ERROR - Error processing row: current transaction is aborted, commands ignored until end of transaction block

2025-04-12 17:25:48,180 - ERROR - Error processing row: current transaction is aborted, commands ignored until end of transaction block

2025-04-12 17:25:48,180 - ERROR - Error processing row: current transaction is aborted, commands ignored until end of transaction block

2025-04-12 17:25:48,181 - ERROR - Error processing row: current transaction is aborted, commands ignored until end of transaction block

2025-04-12 17:25:48,182 - ERROR - Error processing row: current transaction is aborted, commands ignored until end of transaction block

2025-04-12 17:25:48,182 - ERROR - Error processing row: current transaction is aborted, commands ignored until end of transaction block

2025-04-12 17:25:48,183 - ERROR - Error processing row: current transaction is aborted, commands ignored until end of transaction block

2025-04-12 17:25:48,184 - ERROR - Error processing row: current transaction is aborted, commands ignored until end of transaction block

2025-04-12 17:25:48,185 - ERROR - Error processing row: current transaction is aborted, commands ignored until end of transaction block

2025-04-12 17:25:48,186 - ERROR - Error processing row: current transaction is aborted, commands ignored until end of transaction block

2025-04-12 17:25:48,187 - ERROR - Error processing row: current transaction is aborted, commands ignored until end of transaction block

2025-04-12 17:25:48,188 - ERROR - Error processing row: current transaction is aborted, commands ignored until end of transaction block

2025-04-12 17:25:48,189 - ERROR - Error processing row: current transaction is aborted, commands ignored until end of transaction block

2025-04-12 17:25:48,190 - ERROR - Error processing row: current transaction is aborted, commands ignored until end of transaction block

2025-04-12 17:25:48,190 - ERROR - Error processing row: current transaction is aborted, commands ignored until end of transaction block

2025-04-12 17:25:48,191 - ERROR - Error processing row: current transaction is aborted, commands ignored until end of transaction block

2025-04-12 17:25:48,192 - ERROR - Error processing row: current transaction is aborted, commands ignored until end of transaction block

2025-04-12 17:25:48,192 - ERROR - Error processing row: current transaction is aborted, commands ignored until end of transaction block

2025-04-12 17:25:48,193 - ERROR - Error processing row: current transaction is aborted, commands ignored until end of transaction block

2025-04-12 17:25:48,194 - ERROR - Error processing row: current transaction is aborted, commands ignored until end of transaction block

2025-04-12 17:25:48,195 - ERROR - Error processing row: current transaction is aborted, commands ignored until end of transaction block

2025-04-12 17:25:48,195 - ERROR - Error processing row: current transaction is aborted, commands ignored until end of transaction block

2025-04-12 17:25:48,196 - ERROR - Error processing row: current transaction is aborted, commands ignored until end of transaction block

2025-04-12 17:25:48,196 - ERROR - Error processing row: current transaction is aborted, commands ignored until end of transaction block

2025-04-12 17:25:48,197 - ERROR - Error processing row: current transaction is aborted, commands ignored until end of transaction block

2025-04-12 17:25:48,198 - ERROR - Error processing row: current transaction is aborted, commands ignored until end of transaction block

2025-04-12 17:25:48,198 - ERROR - Error processing row: current transaction is aborted, commands ignored until end of transaction block

2025-04-12 17:25:48,199 - ERROR - Error processing row: current transaction is aborted, commands ignored until end of transaction block

2025-04-12 17:25:48,199 - ERROR - Error processing row: current transaction is aborted, commands ignored until end of transaction block

2025-04-12 17:25:48,200 - ERROR - Error processing row: current transaction is aborted, commands ignored until end of transaction block

2025-04-12 17:25:48,201 - ERROR - Error processing row: current transaction is aborted, commands ignored until end of transaction block

2025-04-12 17:25:48,202 - ERROR - Error processing row: current transaction is aborted, commands ignored until end of transaction block

2025-04-12 17:25:48,203 - ERROR - Error processing row: current transaction is aborted, commands ignored until end of transaction block

2025-04-12 17:25:48,204 - ERROR - Error processing row: current transaction is aborted, commands ignored until end of transaction block

2025-04-12 17:25:48,206 - ERROR - Error processing row: current transaction is aborted, commands ignored until end of transaction block

2025-04-12 17:25:48,207 - ERROR - Error processing row: current transaction is aborted, commands ignored until end of transaction block

2025-04-12 17:25:48,207 - ERROR - Error processing row: current transaction is aborted, commands ignored until end of transaction block

2025-04-12 17:25:48,208 - ERROR - Error processing row: current transaction is aborted, commands ignored until end of transaction block

2025-04-12 17:25:48,208 - ERROR - Error processing row: current transaction is aborted, commands ignored until end of transaction block

2025-04-12 17:25:48,209 - ERROR - Error processing row: current transaction is aborted, commands ignored until end of transaction block

2025-04-12 17:25:48,210 - ERROR - Error processing row: current transaction is aborted, commands ignored until end of transaction block

2025-04-12 17:25:48,211 - ERROR - Error processing row: current transaction is aborted, commands ignored until end of transaction block

2025-04-12 17:25:48,212 - ERROR - Error processing row: current transaction is aborted, commands ignored until end of transaction block

2025-04-12 17:25:48,212 - ERROR - Error processing row: current transaction is aborted, commands ignored until end of transaction block

2025-04-12 17:25:48,213 - ERROR - Error processing row: current transaction is aborted, commands ignored until end of transaction block

2025-04-12 17:25:48,214 - ERROR - Error processing row: current transaction is aborted, commands ignored until end of transaction block

2025-04-12 17:25:48,214 - ERROR - Error processing row: current transaction is aborted, commands ignored until end of transaction block

2025-04-12 17:25:48,215 - ERROR - Error processing row: current transaction is aborted, commands ignored until end of transaction block

2025-04-12 17:25:48,215 - ERROR - Error processing row: current transaction is aborted, commands ignored until end of transaction block

2025-04-12 17:25:48,216 - ERROR - Error processing row: current transaction is aborted, commands ignored until end of transaction block

2025-04-12 17:25:48,217 - ERROR - Error processing row: current transaction is aborted, commands ignored until end of transaction block

2025-04-12 17:25:48,217 - ERROR - Error processing row: current transaction is aborted, commands ignored until end of transaction block

2025-04-12 17:25:48,219 - ERROR - Error processing row: current transaction is aborted, commands ignored until end of transaction block

2025-04-12 17:25:48,220 - ERROR - Error processing row: current transaction is aborted, commands ignored until end of transaction block

2025-04-12 17:25:48,221 - ERROR - Error processing row: current transaction is aborted, commands ignored until end of transaction block

2025-04-12 17:25:48,222 - ERROR - Error processing row: current transaction is aborted, commands ignored until end of transaction block

2025-04-12 17:25:48,223 - ERROR - Error processing row: current transaction is aborted, commands ignored until end of transaction block

2025-04-12 17:25:48,224 - ERROR - Error processing row: current transaction is aborted, commands ignored until end of transaction block

2025-04-12 17:25:48,224 - ERROR - Error processing row: current transaction is aborted, commands ignored until end of transaction block

2025-04-12 17:25:48,225 - ERROR - Error processing row: current transaction is aborted, commands ignored until end of transaction block

2025-04-12 17:25:48,226 - ERROR - Error processing row: current transaction is aborted, commands ignored until end of transaction block

2025-04-12 17:25:48,226 - ERROR - Error processing row: current transaction is aborted, commands ignored until end of transaction block

2025-04-12 17:25:48,227 - ERROR - Error processing row: current transaction is aborted, commands ignored until end of transaction block

2025-04-12 17:25:48,228 - ERROR - Error processing row: current transaction is aborted, commands ignored until end of transaction block

2025-04-12 17:25:48,228 - ERROR - Error processing row: current transaction is aborted, commands ignored until end of transaction block

2025-04-12 17:25:48,229 - ERROR - Error processing row: current transaction is aborted, commands ignored until end of transaction block

2025-04-12 17:25:48,230 - ERROR - Error processing row: current transaction is aborted, commands ignored until end of transaction block

2025-04-12 17:25:48,230 - ERROR - Error processing row: current transaction is aborted, commands ignored until end of transaction block

2025-04-12 17:25:48,231 - ERROR - Error processing row: current transaction is aborted, commands ignored until end of transaction block

2025-04-12 17:25:48,232 - ERROR - Error processing row: current transaction is aborted, commands ignored until end of transaction block

2025-04-12 17:25:48,232 - ERROR - Error processing row: current transaction is aborted, commands ignored until end of transaction block

2025-04-12 17:25:48,233 - ERROR - Error processing row: current transaction is aborted, commands ignored until end of transaction block

2025-04-12 17:25:48,234 - ERROR - Error processing row: current transaction is aborted, commands ignored until end of transaction block

2025-04-12 17:25:48,235 - ERROR - Error processing row: current transaction is aborted, commands ignored until end of transaction block

2025-04-12 17:25:48,236 - ERROR - Error processing row: current transaction is aborted, commands ignored until end of transaction block

2025-04-12 17:25:48,237 - ERROR - Error processing row: current transaction is aborted, commands ignored until end of transaction block

2025-04-12 17:25:48,238 - ERROR - Error processing row: current transaction is aborted, commands ignored until end of transaction block

2025-04-12 17:25:48,239 - ERROR - Error processing row: current transaction is aborted, commands ignored until end of transaction block

2025-04-12 17:25:48,240 - ERROR - Error processing row: current transaction is aborted, commands ignored until end of transaction block

2025-04-12 17:25:48,241 - ERROR - Error processing row: current transaction is aborted, commands ignored until end of transaction block

2025-04-12 17:25:48,241 - ERROR - Error processing row: current transaction is aborted, commands ignored until end of transaction block

2025-04-12 17:25:48,242 - ERROR - Error processing row: current transaction is aborted, commands ignored until end of transaction block

2025-04-12 17:25:48,243 - ERROR - Error processing row: current transaction is aborted, commands ignored until end of transaction block

2025-04-12 17:25:48,243 - ERROR - Error processing row: current transaction is aborted, commands ignored until end of transaction block

2025-04-12 17:25:48,244 - ERROR - Error processing row: current transaction is aborted, commands ignored until end of transaction block

2025-04-12 17:25:48,244 - ERROR - Error processing row: current transaction is aborted, commands ignored until end of transaction block

2025-04-12 17:25:48,245 - ERROR - Error processing row: current transaction is aborted, commands ignored until end of transaction block

2025-04-12 17:25:48,246 - ERROR - Error processing row: current transaction is aborted, commands ignored until end of transaction block

2025-04-12 17:25:48,246 - ERROR - Error processing row: current transaction is aborted, commands ignored until end of transaction block

2025-04-12 17:25:48,247 - ERROR - Error processing row: current transaction is aborted, commands ignored until end of transaction block

2025-04-12 17:25:48,248 - ERROR - Error processing row: current transaction is aborted, commands ignored until end of transaction block

2025-04-12 17:25:48,248 - ERROR - Error processing row: current transaction is aborted, commands ignored until end of transaction block

2025-04-12 17:25:48,249 - ERROR - Error processing row: current transaction is aborted, commands ignored until end of transaction block

2025-04-12 17:25:48,249 - ERROR - Error processing row: current transaction is aborted, commands ignored until end of transaction block

2025-04-12 17:25:48,250 - ERROR - Error processing row: current transaction is aborted, commands ignored until end of transaction block

2025-04-12 17:25:48,251 - ERROR - Error processing row: current transaction is aborted, commands ignored until end of transaction block

2025-04-12 17:25:48,252 - ERROR - Error processing row: current transaction is aborted, commands ignored until end of transaction block

2025-04-12 17:25:48,253 - ERROR - Error processing row: current transaction is aborted, commands ignored until end of transaction block

2025-04-12 17:25:48,253 - INFO - Added 0 new records
2025-04-12 17:28:18,427 - INFO - Database table ready
2025-04-12 17:28:18,428 - INFO - Starting KAMIS scrape
2025-04-12 17:28:31,768 - INFO - Added 434 new records
2025-04-13 12:15:58,600 - INFO - Database table ready
2025-04-13 12:15:58,610 - INFO - Scraping data for Dry Maize (ID: 1)
2025-04-13 12:16:12,035 - ERROR - Database error: column "commodity_id" of relation "market_prices" does not exist
LINE 3:                 commodity_id, commodity, classification, gra...
                        ^

2025-04-13 12:16:12,036 - INFO - Added 0 new records for Dry Maize
2025-04-13 12:16:14,406 - INFO - Scraping data for Red Sorghum (ID: 2)
2025-04-13 12:16:24,275 - ERROR - Database error: column "commodity_id" of relation "market_prices" does not exist
LINE 3:                 commodity_id, commodity, classification, gra...
                        ^

2025-04-13 12:16:24,276 - INFO - Added 0 new records for Red Sorghum
2025-04-13 12:16:26,163 - INFO - Scraping data for Wheat (ID: 3)
2025-04-13 12:16:33,678 - ERROR - Database error: column "commodity_id" of relation "market_prices" does not exist
LINE 3:                 commodity_id, commodity, classification, gra...
                        ^

2025-04-13 12:16:33,679 - INFO - Added 0 new records for Wheat
2025-04-13 12:20:21,731 - INFO - Database table ready
2025-04-13 12:20:21,737 - INFO - Scraping data for Dry Maize (ID: 1)
2025-04-13 12:20:34,045 - INFO - Added 434 new records for Dry Maize
2025-04-13 12:20:36,291 - INFO - Scraping data for Red Sorghum (ID: 2)
2025-04-13 12:20:46,262 - INFO - Added 496 new records for Red Sorghum
2025-04-13 12:20:48,911 - INFO - Scraping data for Wheat (ID: 3)
2025-04-13 12:20:56,966 - INFO - Added 486 new records for Wheat
2025-04-13 12:20:58,896 - INFO - Scraping data for Rice (ID: 4)
2025-04-13 12:21:10,143 - INFO - Added 365 new records for Rice
2025-04-13 12:21:12,971 - INFO - Scraping data for Green Grams (ID: 10)
2025-04-13 12:21:25,132 - INFO - Added 321 new records for Green Grams
2025-04-13 12:21:26,849 - INFO - Scraping data for Ground Nuts (ID: 12)
2025-04-13 12:21:38,401 - INFO - Added 364 new records for Ground Nuts
2025-04-13 12:21:40,562 - INFO - Scraping data for Beans Red Haricot (Wairimu) (ID: 29)
2025-04-13 12:21:49,770 - INFO - Added 491 new records for Beans Red Haricot (Wairimu)
2025-04-13 12:21:50,976 - INFO - Scraping data for Beans (Yellow-Green) (ID: 30)
2025-04-13 12:22:02,087 - INFO - Added 494 new records for Beans (Yellow-Green)
2025-04-13 12:22:03,203 - INFO - Scraping data for Dolichos lablab (Njahi) (ID: 50)
2025-04-13 12:22:12,910 - INFO - Added 479 new records for Dolichos lablab (Njahi)
2025-04-13 12:22:15,778 - INFO - Scraping data for Pearl Rush Millet (ID: 51)
2025-04-13 12:22:24,129 - INFO - Added 486 new records for Pearl Rush Millet
2025-04-13 12:22:25,919 - INFO - Scraping data for Finger Millet (ID: 54)
2025-04-13 12:22:36,476 - INFO - Added 481 new records for Finger Millet
2025-04-13 12:22:38,485 - INFO - Scraping data for White Sorghum (ID: 56)
2025-04-13 12:22:47,628 - INFO - Added 494 new records for White Sorghum
2025-04-13 12:22:50,169 - INFO - Scraping data for Red Irish potato (ID: 57)
2025-04-13 12:23:00,148 - INFO - Added 485 new records for Red Irish potato
2025-04-13 12:23:02,154 - INFO - Scraping data for Cabbages (ID: 58)
2025-04-13 12:23:15,451 - INFO - Added 470 new records for Cabbages
2025-04-13 12:23:16,587 - INFO - Scraping data for Sweet potatoes (ID: 59)
2025-04-13 12:23:26,809 - INFO - Added 492 new records for Sweet potatoes
2025-04-13 12:23:29,273 - INFO - Scraping data for Carrots (ID: 60)
2025-04-13 12:23:40,346 - INFO - Added 483 new records for Carrots
2025-04-13 12:23:43,241 - INFO - Scraping data for Tomatoes (ID: 61)
2025-04-13 12:23:56,509 - INFO - Added 470 new records for Tomatoes
2025-04-13 12:23:58,769 - INFO - Scraping data for Beans Rosecoco (ID: 64)
2025-04-13 12:24:10,301 - INFO - Added 479 new records for Beans Rosecoco
2025-04-13 12:24:12,444 - INFO - Scraping data for Beans (Mwitemania) (ID: 65)
2025-04-13 12:24:22,423 - INFO - Added 486 new records for Beans (Mwitemania)
2025-04-13 12:24:23,921 - INFO - Scraping data for Beans (Mwezi Moja) (ID: 66)
2025-04-13 12:24:32,432 - INFO - Added 484 new records for Beans (Mwezi Moja)
2025-04-13 12:24:33,805 - INFO - Scraping data for Beans (Canadian wonder) (ID: 67)
2025-04-13 12:24:42,488 - INFO - Added 490 new records for Beans (Canadian wonder)
2025-04-13 12:24:45,021 - INFO - Scraping data for Tilapia (ID: 68)
2025-04-13 12:24:52,976 - INFO - Added 365 new records for Tilapia
2025-04-13 12:24:55,434 - INFO - Scraping data for Goat Milk (at collection point) (ID: 70)
2025-04-13 12:25:01,991 - INFO - Added 275 new records for Goat Milk (at collection point)
2025-04-13 12:25:03,939 - INFO - Scraping data for Eggs (ID: 72)
2025-04-13 12:25:14,032 - INFO - Added 424 new records for Eggs
2025-04-13 12:25:16,738 - INFO - Scraping data for Meat Beef (ID: 73)
2025-04-13 12:25:25,238 - INFO - Added 494 new records for Meat Beef
2025-04-13 12:25:28,054 - INFO - Scraping data for Meat Mutton (ID: 74)
2025-04-13 12:25:35,876 - INFO - Added 489 new records for Meat Mutton
2025-04-13 12:25:38,650 - INFO - Scraping data for Meat Indiginous Chicken (ID: 75)
2025-04-13 12:25:45,231 - INFO - Added 327 new records for Meat Indiginous Chicken
2025-04-13 12:25:47,534 - INFO - Scraping data for Meat Broiler (ID: 76)
2025-04-13 12:25:55,211 - INFO - Added 493 new records for Meat Broiler
2025-04-13 12:25:56,545 - INFO - Scraping data for Omena (ID: 77)
2025-04-13 12:26:05,403 - INFO - Added 483 new records for Omena
2025-04-13 12:26:07,056 - INFO - Scraping data for Cat Fish(Mkizi/Fume) (ID: 78)
2025-04-13 12:26:14,428 - INFO - Added 465 new records for Cat Fish(Mkizi/Fume)
2025-04-13 12:26:16,693 - INFO - Scraping data for Haplochromis (ID: 79)
2025-04-13 12:26:22,526 - INFO - Added 195 new records for Haplochromis
2025-04-13 12:26:23,833 - INFO - Scraping data for Trout (ID: 80)
2025-04-13 12:26:28,844 - INFO - Added 11 new records for Trout
2025-04-13 12:26:31,469 - INFO - Scraping data for Common Carp (ID: 81)
2025-04-13 12:26:36,910 - INFO - Added 95 new records for Common Carp
2025-04-13 12:26:39,741 - INFO - Scraping data for Protopterus (ID: 82)
2025-04-13 12:26:46,649 - INFO - Added 481 new records for Protopterus
2025-04-13 12:26:47,904 - INFO - Scraping data for Black bass (ID: 83)
2025-04-13 12:26:53,067 - INFO - Added 29 new records for Black bass
2025-04-13 12:26:55,054 - INFO - Scraping data for Labeo (ID: 84)
2025-04-13 12:27:00,518 - INFO - Added 29 new records for Labeo
2025-04-13 12:27:03,445 - INFO - Scraping data for Mormyrus (ID: 85)
2025-04-13 12:27:09,752 - INFO - Added 305 new records for Mormyrus
2025-04-13 12:27:12,259 - INFO - Scraping data for Eel (ID: 86)
2025-04-13 12:27:17,764 - INFO - Added 1 new records for Eel
2025-04-13 12:27:20,035 - INFO - Scraping data for African butter catfish (ID: 87)
2025-04-13 12:27:26,370 - INFO - Added 278 new records for African butter catfish
2025-04-13 12:27:28,558 - INFO - Scraping data for Synodontis (ID: 89)
2025-04-13 12:27:34,380 - INFO - Added 219 new records for Synodontis
2025-04-13 12:27:36,144 - INFO - Scraping data for Alestes (ID: 90)
2025-04-13 12:27:41,647 - INFO - Added 76 new records for Alestes
2025-04-13 12:27:42,677 - INFO - Scraping data for Barbus (ID: 91)
2025-04-13 12:27:48,155 - INFO - Added 4 new records for Barbus
2025-04-13 12:27:49,822 - INFO - Scraping data for Other Fresh Water (ID: 92)
2025-04-13 12:27:55,388 - INFO - Added 143 new records for Other Fresh Water
2025-04-13 12:27:57,317 - INFO - Scraping data for Snappers(Tazanda) (ID: 93)
2025-04-13 12:28:04,351 - INFO - Added 151 new records for Snappers(Tazanda)
2025-04-13 12:28:05,363 - INFO - Scraping data for Rabbitfish (Tafi/Tasi) (ID: 94)
2025-04-13 12:28:12,270 - INFO - Added 469 new records for Rabbitfish (Tafi/Tasi)
2025-04-13 12:28:14,518 - INFO - Scraping data for Mixed Demersal (ID: 95)
2025-04-13 12:28:20,221 - INFO - Added 113 new records for Mixed Demersal
2025-04-13 12:28:22,470 - INFO - Scraping data for Barracuda(Kasumba) (ID: 96)
2025-04-13 12:28:29,286 - INFO - Added 370 new records for Barracuda(Kasumba)
2025-04-13 12:28:32,069 - INFO - Scraping data for Tuna (ID: 97)
2025-04-13 12:28:39,493 - INFO - Added 454 new records for Tuna
2025-04-13 12:28:40,974 - INFO - Scraping data for Mackerel (ID: 98)
2025-04-13 12:28:47,184 - INFO - Added 275 new records for Mackerel
2025-04-13 12:28:48,832 - INFO - Scraping data for Kingfish (Nguru) (ID: 99)
2025-04-13 12:28:55,394 - INFO - Added 365 new records for Kingfish (Nguru)
2025-04-13 12:28:57,137 - INFO - Scraping data for Sharks (ID: 100)
2025-04-13 12:29:03,275 - INFO - Added 278 new records for Sharks
2025-04-13 12:29:04,763 - INFO - Scraping data for Sardines (ID: 101)
2025-04-13 12:29:10,520 - INFO - Added 179 new records for Sardines
2025-04-13 12:29:12,745 - INFO - Scraping data for Swordfishes (ID: 102)
2025-04-13 12:29:18,183 - INFO - Added 21 new records for Swordfishes
2025-04-13 12:29:20,278 - INFO - Scraping data for Lobster(Kamba Mawe) (ID: 103)
2025-04-13 12:29:25,849 - INFO - Added 86 new records for Lobster(Kamba Mawe)
2025-04-13 12:29:27,912 - INFO - Scraping data for Prawns (ID: 104)
2025-04-13 12:29:33,568 - INFO - Added 142 new records for Prawns
2025-04-13 12:29:36,145 - INFO - Scraping data for Mud Crabs (ID: 107)
2025-04-13 12:29:41,521 - INFO - Added 51 new records for Mud Crabs
2025-04-13 12:29:43,575 - INFO - Scraping data for Golden (Deep-Sea) Crabs Kaa (ID: 108)
2025-04-13 12:29:48,791 - INFO - Added 14 new records for Golden (Deep-Sea) Crabs Kaa
2025-04-13 12:29:50,003 - INFO - Scraping data for Fresh Water Shrimp (ID: 109)
2025-04-13 12:29:56,633 - INFO - Added 365 new records for Fresh Water Shrimp
2025-04-13 12:29:58,815 - INFO - Scraping data for Octopus (Pweza) (ID: 110)
2025-04-13 12:30:05,285 - INFO - Added 273 new records for Octopus (Pweza)
2025-04-13 12:30:07,583 - INFO - Scraping data for Cuttlefish (ID: 111)
2025-04-13 12:30:12,860 - INFO - Added 29 new records for Cuttlefish
2025-04-13 12:30:15,259 - INFO - Scraping data for Squid(Ngisi) (ID: 112)
2025-04-13 12:30:21,114 - INFO - Added 194 new records for Squid(Ngisi)
2025-04-13 12:30:23,458 - INFO - Scraping data for Oysters (ID: 113)
2025-04-13 12:30:28,839 - INFO - Added 9 new records for Oysters
2025-04-13 12:30:30,332 - INFO - Scraping data for Fish Oil (ID: 114)
2025-04-13 12:30:35,905 - INFO - Added 106 new records for Fish Oil
2025-04-13 12:30:38,374 - INFO - Scraping data for Fish Maws (ID: 115)
2025-04-13 12:30:44,153 - INFO - Added 81 new records for Fish Maws
2025-04-13 12:30:45,705 - INFO - Scraping data for Nile Perch Skins (ID: 117)
2025-04-13 12:30:51,214 - INFO - Added 42 new records for Nile Perch Skins
2025-04-13 12:30:53,174 - INFO - Scraping data for Black nightshade (Managu/ Osuga) (ID: 121)
2025-04-13 12:31:04,235 - INFO - Added 493 new records for Black nightshade (Managu/ Osuga)
2025-04-13 12:31:06,280 - INFO - Scraping data for Spider flower (Saga) (ID: 122)
2025-04-13 12:31:14,904 - INFO - Added 492 new records for Spider flower (Saga)
2025-04-13 12:31:16,769 - INFO - Scraping data for Amaranthus (Terere) (ID: 123)
2025-04-13 12:31:26,362 - INFO - Added 494 new records for Amaranthus (Terere)
2025-04-13 12:31:28,930 - INFO - Scraping data for Jute Plant (Murenda) (ID: 124)
2025-04-13 12:31:36,747 - INFO - Added 487 new records for Jute Plant (Murenda)
2025-04-13 12:31:39,107 - INFO - Scraping data for Passion Fruits (ID: 125)
2025-04-13 12:31:50,486 - INFO - Added 491 new records for Passion Fruits
2025-04-13 12:31:51,888 - INFO - Scraping data for Oranges (ID: 127)
2025-04-13 12:32:03,954 - INFO - Added 485 new records for Oranges
2025-04-13 12:32:06,559 - INFO - Scraping data for Tree tomato (ID: 128)
2025-04-13 12:32:15,652 - INFO - Added 493 new records for Tree tomato
2025-04-13 12:32:18,426 - INFO - Scraping data for Pepino melon (ID: 129)
2025-04-13 12:32:26,124 - INFO - Added 496 new records for Pepino melon
2025-04-13 12:32:28,653 - INFO - Scraping data for Thorn melon (ID: 130)
2025-04-13 12:32:37,586 - INFO - Added 496 new records for Thorn melon
2025-04-13 12:32:39,504 - INFO - Scraping data for Yam (ID: 131)
2025-04-13 12:32:47,390 - INFO - Added 496 new records for Yam
2025-04-13 12:32:49,277 - INFO - Scraping data for Cow Milk(At collection point) (ID: 133)
2025-04-13 12:32:57,523 - INFO - Added 492 new records for Cow Milk(At collection point)
2025-04-13 12:33:00,149 - INFO - Scraping data for Camel Milk(At collection point) (ID: 134)
2025-04-13 12:33:07,909 - INFO - Added 487 new records for Camel Milk(At collection point)
2025-04-13 12:33:09,519 - INFO - Scraping data for Camel milk(Processed) (ID: 138)
2025-04-13 12:33:15,713 - INFO - Added 71 new records for Camel milk(Processed)
2025-04-13 12:33:17,395 - INFO - Scraping data for Goat milk (Processed) (ID: 139)
2025-04-13 12:33:23,269 - INFO - Added 50 new records for Goat milk (Processed)
2025-04-13 12:33:25,153 - INFO - Scraping data for Cattle (ID: 140)
2025-04-13 12:33:40,270 - INFO - Added 82 new records for Cattle
2025-04-13 12:33:41,684 - INFO - Scraping data for Pork (ID: 141)
2025-04-13 12:33:49,568 - INFO - Added 481 new records for Pork
2025-04-13 12:33:50,897 - INFO - Scraping data for Avocado (ID: 142)
2025-04-13 12:34:01,921 - INFO - Added 476 new records for Avocado
2025-04-13 12:34:03,423 - INFO - Scraping data for Arrow Root (ID: 143)
2025-04-13 12:34:13,456 - INFO - Added 492 new records for Arrow Root
2025-04-13 12:34:14,625 - INFO - Scraping data for Lemons (ID: 145)
2025-04-13 12:34:26,051 - INFO - Added 496 new records for Lemons
2025-04-13 12:34:27,149 - INFO - Scraping data for Mangoes (ID: 147)
2025-04-13 12:34:38,628 - INFO - Added 441 new records for Mangoes
2025-04-13 12:34:40,759 - INFO - Scraping data for Limes (ID: 148)
2025-04-13 12:34:49,068 - INFO - Added 492 new records for Limes
2025-04-13 12:34:50,490 - INFO - Scraping data for Green Maize (ID: 149)
2025-04-13 12:35:01,575 - INFO - Added 494 new records for Green Maize
2025-04-13 12:35:03,895 - INFO - Scraping data for Water Melon (ID: 150)
2025-04-13 12:35:14,087 - INFO - Added 486 new records for Water Melon
2025-04-13 12:35:16,129 - INFO - Scraping data for Pineapples (ID: 151)
2025-04-13 12:35:27,276 - INFO - Added 459 new records for Pineapples
2025-04-13 12:35:29,389 - INFO - Scraping data for Pawpaw (ID: 152)
2025-04-13 12:35:38,933 - INFO - Added 491 new records for Pawpaw
2025-04-13 12:35:41,530 - INFO - Scraping data for Cow Milk(Processd) (ID: 153)
2025-04-13 12:35:49,967 - INFO - Added 355 new records for Cow Milk(Processd)
2025-04-13 12:35:51,461 - INFO - Scraping data for Kales/Sukuma Wiki (ID: 154)
2025-04-13 12:36:03,758 - INFO - Added 497 new records for Kales/Sukuma Wiki
2025-04-13 12:36:05,459 - INFO - Scraping data for Dry Onions (ID: 158)
2025-04-13 12:36:18,060 - INFO - Added 489 new records for Dry Onions
2025-04-13 12:36:20,870 - INFO - Scraping data for Spring Onions (ID: 159)
2025-04-13 12:36:31,957 - INFO - Added 489 new records for Spring Onions
2025-04-13 12:36:33,470 - INFO - Scraping data for Fresh Peas (ID: 160)
2025-04-13 12:36:43,207 - INFO - Added 469 new records for Fresh Peas
2025-04-13 12:36:46,065 - INFO - Scraping data for Spinach (ID: 161)
2025-04-13 12:36:57,567 - INFO - Added 494 new records for Spinach
2025-04-13 12:36:59,367 - INFO - Scraping data for Cassava Fresh (ID: 162)
2025-04-13 12:37:10,309 - INFO - Added 495 new records for Cassava Fresh
2025-04-13 12:37:12,527 - INFO - Scraping data for White Irish Potatoes (ID: 163)
2025-04-13 12:37:25,376 - INFO - Added 486 new records for White Irish Potatoes
2025-04-13 12:37:27,367 - INFO - Scraping data for Cassava Chips (dry) (ID: 164)
2025-04-13 12:37:36,372 - INFO - Added 491 new records for Cassava Chips (dry)
2025-04-13 12:37:37,610 - INFO - Scraping data for Chillies (ID: 165)
2025-04-13 12:37:46,731 - INFO - Added 489 new records for Chillies
2025-04-13 12:37:49,473 - INFO - Scraping data for Lettuce (ID: 166)
2025-04-13 12:37:57,466 - INFO - Added 482 new records for Lettuce
2025-04-13 12:37:59,972 - INFO - Scraping data for Sheep (ID: 167)
2025-04-13 12:38:12,651 - INFO - Added 126 new records for Sheep
2025-04-13 12:38:14,029 - INFO - Scraping data for Goat (ID: 168)
2025-04-13 12:38:28,432 - INFO - Added 120 new records for Goat
2025-04-13 12:38:31,283 - INFO - Scraping data for Donkey (ID: 169)
2025-04-13 12:38:40,759 - INFO - Added 201 new records for Donkey
2025-04-13 12:38:42,874 - INFO - Scraping data for Pumpkin (ID: 170)
2025-04-13 12:38:51,573 - INFO - Added 489 new records for Pumpkin
2025-04-13 12:38:53,016 - INFO - Scraping data for Butternuts (ID: 171)
2025-04-13 12:39:02,341 - INFO - Added 489 new records for Butternuts
2025-04-13 12:39:03,816 - INFO - Scraping data for Capsicums (ID: 172)
2025-04-13 12:39:14,395 - INFO - Added 468 new records for Capsicums
2025-04-13 12:39:16,404 - INFO - Scraping data for Cucumber (ID: 173)
2025-04-13 12:39:25,823 - INFO - Added 494 new records for Cucumber
2025-04-13 12:39:27,761 - INFO - Scraping data for Egg plant (Brinjals) (ID: 174)
2025-04-13 12:39:37,384 - INFO - Added 492 new records for Egg plant (Brinjals)
2025-04-13 12:39:39,334 - INFO - Scraping data for Cauliflower (ID: 175)
2025-04-13 12:39:48,779 - INFO - Added 486 new records for Cauliflower
2025-04-13 12:39:51,743 - INFO - Scraping data for French beans (ID: 177)
2025-04-13 12:40:00,549 - INFO - Added 491 new records for French beans
2025-04-13 12:40:03,519 - INFO - Scraping data for Ginger (ID: 178)
2025-04-13 12:40:12,337 - INFO - Added 493 new records for Ginger
2025-04-13 12:40:15,032 - INFO - Scraping data for Garlic (ID: 180)
2025-04-13 12:40:24,228 - INFO - Added 444 new records for Garlic
2025-04-13 12:40:26,517 - INFO - Scraping data for Njugu Mawe (ID: 182)
2025-04-13 12:40:35,253 - INFO - Added 478 new records for Njugu Mawe
2025-04-13 12:40:38,078 - INFO - Scraping data for Beans Rosecoco (Nyayo) (ID: 183)
2025-04-13 12:40:48,942 - INFO - Added 487 new records for Beans Rosecoco (Nyayo)
2025-04-13 12:40:50,613 - INFO - Scraping data for Nile Perch (ID: 184)
2025-04-13 12:40:58,754 - INFO - Added 365 new records for Nile Perch
2025-04-13 12:41:01,672 - INFO - Scraping data for Camel (ID: 186)
2025-04-13 12:41:09,277 - INFO - Added 260 new records for Camel
2025-04-13 12:41:11,314 - INFO - Scraping data for Rabbit (ID: 187)
2025-04-13 12:41:16,806 - INFO - Added 61 new records for Rabbit
2025-04-13 12:41:17,981 - INFO - Scraping data for Pigeon peas (ID: 188)
2025-04-13 12:41:26,322 - INFO - Added 492 new records for Pigeon peas
2025-04-13 12:41:28,681 - INFO - Scraping data for Cowpeas (ID: 189)
2025-04-13 12:41:38,520 - INFO - Added 489 new records for Cowpeas
2025-04-13 12:41:40,995 - INFO - Scraping data for Scavengers (Changu/Tangu) (ID: 190)
2025-04-13 12:41:48,731 - INFO - Added 450 new records for Scavengers (Changu/Tangu)
2025-04-13 12:41:50,328 - INFO - Scraping data for Parrotfishes(Pono) (ID: 191)
2025-04-13 12:41:56,765 - INFO - Added 350 new records for Parrotfishes(Pono)
2025-04-13 12:41:57,950 - INFO - Scraping data for Groupers (ID: 192)
2025-04-13 12:42:03,407 - INFO - Added 25 new records for Groupers
2025-04-13 12:42:06,103 - INFO - Scraping data for Grunt(Taamamba/Kora) (ID: 193)
2025-04-13 12:42:12,453 - INFO - Added 62 new records for Grunt(Taamamba/Kora)
2025-04-13 12:42:15,044 - INFO - Scraping data for Mullets(Fumi) (ID: 194)
2025-04-13 12:42:20,789 - INFO - Added 181 new records for Mullets(Fumi)
2025-04-13 12:42:22,702 - INFO - Scraping data for Surgeonfishes (ID: 195)
2025-04-13 12:42:28,294 - INFO - Added 47 new records for Surgeonfishes
2025-04-13 12:42:30,930 - INFO - Scraping data for Threadfin breams (ID: 196)
2025-04-13 12:42:37,271 - INFO - Added 22 new records for Threadfin breams
2025-04-13 12:42:39,901 - INFO - Scraping data for Goatfishes (ID: 197)
2025-04-13 12:42:46,456 - INFO - Added 171 new records for Goatfishes
2025-04-13 12:42:49,264 - INFO - Scraping data for Rayfish (ID: 198)
2025-04-13 12:42:55,639 - INFO - Added 149 new records for Rayfish
2025-04-13 12:42:58,054 - INFO - Scraping data for Needlefishes (ID: 199)
2025-04-13 12:43:04,169 - INFO - Added 129 new records for Needlefishes
2025-04-13 12:43:05,736 - INFO - Scraping data for Jacks/Trevallies(Kolekole) (ID: 200)
2025-04-13 12:43:12,150 - INFO - Added 307 new records for Jacks/Trevallies(Kolekole)
2025-04-13 12:43:15,046 - INFO - Scraping data for Halfbeaks (ID: 201)
2025-04-13 12:43:20,777 - INFO - Added 36 new records for Halfbeaks
2025-04-13 12:43:23,124 - INFO - Scraping data for Anchovies (ID: 202)
2025-04-13 12:43:29,014 - INFO - Added 149 new records for Anchovies
2025-04-13 12:43:30,790 - INFO - Scraping data for Sailfishes (ID: 203)
2025-04-13 12:43:36,933 - INFO - Added 12 new records for Sailfishes
2025-04-13 12:43:38,957 - INFO - Scraping data for Wolf Herrings (ID: 204)
2025-04-13 12:43:44,999 - INFO - Added 42 new records for Wolf Herrings
2025-04-13 12:43:46,744 - INFO - Scraping data for Marlins (ID: 205)
2025-04-13 12:43:53,104 - INFO - Added 19 new records for Marlins
2025-04-13 12:43:54,809 - INFO - Scraping data for Jobfish (ID: 206)
2025-04-13 12:44:00,808 - INFO - Added 20 new records for Jobfish
2025-04-13 12:44:03,588 - INFO - Scraping data for Mixed Pelagics (ID: 207)
2025-04-13 12:44:09,418 - INFO - Added 72 new records for Mixed Pelagics
2025-04-13 12:44:12,208 - INFO - Scraping data for Camel meat (ID: 208)
2025-04-13 12:44:19,645 - INFO - Added 489 new records for Camel meat
2025-04-13 12:44:21,331 - INFO - Scraping data for Meat Chevon (ID: 209)
2025-04-13 12:44:29,118 - INFO - Added 480 new records for Meat Chevon
2025-04-13 12:44:31,398 - INFO - Scraping data for Rabbit Meat (ID: 210)
2025-04-13 12:44:36,592 - INFO - Added 9 new records for Rabbit Meat
2025-04-13 12:44:39,571 - INFO - Scraping data for Pigs (ID: 211)
2025-04-13 12:44:45,034 - INFO - Added 42 new records for Pigs
2025-04-13 12:44:46,115 - INFO - Scraping data for Honey (ID: 212)
2025-04-13 12:44:56,521 - INFO - Added 454 new records for Honey
2025-04-13 12:44:58,021 - INFO - Scraping data for Cattle Hide (ID: 213)
2025-04-13 12:45:05,969 - INFO - Added 492 new records for Cattle Hide
2025-04-13 12:45:07,640 - INFO - Scraping data for Camel Hide (ID: 214)
2025-04-13 12:45:14,369 - INFO - Added 45 new records for Camel Hide
2025-04-13 12:45:15,499 - INFO - Scraping data for Goat Skin (ID: 215)
2025-04-13 12:45:25,343 - INFO - Added 451 new records for Goat Skin
2025-04-13 12:45:27,116 - INFO - Scraping data for Sheep Skin (ID: 216)
2025-04-13 12:45:33,894 - INFO - Added 402 new records for Sheep Skin
2025-04-13 12:45:35,324 - INFO - Scraping data for Fertilizer (ID: 217)
2025-04-13 12:45:45,264 - INFO - Added 171 new records for Fertilizer
2025-04-13 12:45:47,576 - INFO - Scraping data for Tea (ID: 218)
2025-04-13 12:45:53,790 - INFO - Added 128 new records for Tea
2025-04-13 12:45:56,098 - INFO - Scraping data for Coffee (ID: 219)
2025-04-13 12:46:01,535 - INFO - Added 13 new records for Coffee
2025-04-13 12:46:02,610 - INFO - Scraping data for Wheat Bran (ID: 220)
2025-04-13 12:46:10,210 - INFO - Added 362 new records for Wheat Bran
2025-04-13 12:46:11,365 - INFO - Scraping data for Maize Bran (ID: 221)
2025-04-13 12:46:18,916 - INFO - Added 315 new records for Maize Bran
2025-04-13 12:46:21,254 - INFO - Scraping data for Sunflower Cake (ID: 222)
2025-04-13 12:46:28,175 - INFO - Added 259 new records for Sunflower Cake
2025-04-13 12:46:30,493 - INFO - Scraping data for Cotton Seed (ID: 223)
2025-04-13 12:46:36,353 - INFO - Added 55 new records for Cotton Seed
2025-04-13 12:46:38,205 - INFO - Scraping data for Cotton (ID: 224)
2025-04-13 12:46:43,867 - INFO - Added 21 new records for Cotton
2025-04-13 12:46:45,414 - INFO - Scraping data for Banana (Ripening) (ID: 226)
2025-04-13 12:46:56,103 - INFO - Added 492 new records for Banana (Ripening)
2025-04-13 12:46:59,060 - INFO - Scraping data for Chicken (ID: 227)
2025-04-13 12:47:12,519 - INFO - Added 109 new records for Chicken
2025-04-13 12:47:15,143 - INFO - Scraping data for Macademia Seed (ID: 228)
2025-04-13 12:47:20,534 - INFO - Added 140 new records for Macademia Seed
2025-04-13 12:47:22,172 - INFO - Scraping data for Cowpea leaves (Kunde) (ID: 230)
2025-04-13 12:47:30,544 - INFO - Added 494 new records for Cowpea leaves (Kunde)
2025-04-13 12:47:31,879 - INFO - Scraping data for Nderema- Vine Spinach (ID: 231)
2025-04-13 12:47:39,108 - INFO - Added 486 new records for Nderema- Vine Spinach
2025-04-13 12:47:41,727 - INFO - Scraping data for Pumpkin Leaves (ID: 233)
2025-04-13 12:47:51,266 - INFO - Added 486 new records for Pumpkin Leaves
2025-04-13 12:47:53,064 - INFO - Scraping data for Ethiopian Kales -Kanzira (ID: 234)
2025-04-13 12:48:00,798 - INFO - Added 483 new records for Ethiopian Kales -Kanzira
2025-04-13 12:48:03,176 - INFO - Scraping data for Indigenous Crotolaria (Mito/Miro) (ID: 235)
2025-04-13 12:48:16,826 - INFO - Added 479 new records for Indigenous Crotolaria (Mito/Miro)
2025-04-13 12:48:19,778 - INFO - Scraping data for Soybean oil (ID: 237)
2025-04-13 12:48:26,556 - INFO - Added 94 new records for Soybean oil
2025-04-13 12:48:28,713 - INFO - Scraping data for Coconut Oil (ID: 238)
2025-04-13 12:48:36,842 - INFO - Added 409 new records for Coconut Oil
2025-04-13 12:48:38,944 - INFO - Scraping data for Sunflower Seeds (ID: 239)
2025-04-13 12:48:46,062 - INFO - Added 273 new records for Sunflower Seeds
2025-04-13 12:48:47,208 - INFO - Scraping data for Sunflower Oil (ID: 240)
2025-04-13 12:48:52,809 - INFO - Added 54 new records for Sunflower Oil
2025-04-13 12:48:53,831 - INFO - Scraping data for Walnut Seed (ID: 241)
2025-04-13 12:48:59,062 - WARNING - Price table not found in HTML
2025-04-13 12:48:59,063 - INFO - Added 0 new records for Walnut Seed
2025-04-13 12:49:00,721 - INFO - Scraping data for Coriander (Dhania) (ID: 242)
2025-04-13 12:49:11,201 - INFO - Added 494 new records for Coriander (Dhania)
2025-04-13 12:49:12,952 - INFO - Scraping data for Grapes (ID: 243)
2025-04-13 12:49:20,778 - INFO - Added 473 new records for Grapes
2025-04-13 12:49:23,740 - INFO - Scraping data for Apples (ID: 244)
2025-04-13 12:49:32,339 - INFO - Added 487 new records for Apples
2025-04-13 12:49:34,852 - INFO - Scraping data for Dry Peas (ID: 245)
2025-04-13 12:49:43,536 - INFO - Added 479 new records for Dry Peas
2025-04-13 12:49:44,575 - INFO - Scraping data for Mixed Beans (ID: 246)
2025-04-13 12:49:52,847 - INFO - Added 492 new records for Mixed Beans
2025-04-13 12:49:54,652 - INFO - Scraping data for Rockcode(Tewa) (ID: 247)
2025-04-13 12:50:00,980 - INFO - Added 246 new records for Rockcode(Tewa)
2025-04-13 12:50:02,064 - INFO - Scraping data for Queenfish (Pandu) (ID: 248)
2025-04-13 12:50:08,087 - INFO - Added 184 new records for Queenfish (Pandu)
2025-04-13 12:50:10,001 - INFO - Scraping data for Maize Flour (ID: 249)
2025-04-13 12:50:19,922 - INFO - Added 76 new records for Maize Flour
2025-04-13 12:50:21,076 - INFO - Scraping data for Duck (ID: 251)
2025-04-13 12:50:29,011 - INFO - Added 315 new records for Duck
2025-04-13 12:50:30,584 - INFO - Scraping data for Banana (Cooking) (ID: 255)
2025-04-13 12:50:43,947 - INFO - Added 470 new records for Banana (Cooking)
2025-04-13 12:50:45,276 - INFO - Scraping data for Banana (Plantain) (ID: 256)
2025-04-13 12:50:53,614 - INFO - Added 490 new records for Banana (Plantain)
2025-04-13 12:50:56,018 - INFO - Scraping data for Courgette (ID: 257)
2025-04-13 12:51:04,226 - INFO - Added 488 new records for Courgette
2025-04-13 12:51:07,017 - INFO - Scraping data for Broccoli (ID: 258)
2025-04-13 12:51:14,404 - INFO - Added 489 new records for Broccoli
2025-04-13 12:51:16,486 - INFO - Scraping data for Lentils (ID: 259)
2025-04-13 12:51:24,809 - INFO - Added 483 new records for Lentils
2025-04-13 12:51:26,337 - INFO - Scraping data for Fish Scales (ID: 261)
2025-04-13 12:51:31,947 - INFO - Added 64 new records for Fish Scales
2025-04-13 12:51:33,882 - INFO - Scraping data for Tangerine (Sandara) (ID: 262)
2025-04-13 12:51:41,529 - INFO - Added 489 new records for Tangerine (Sandara)
2025-04-13 12:51:44,201 - INFO - Scraping data for Pasta (ID: 263)
2025-04-13 12:51:50,077 - INFO - Added 129 new records for Pasta
2025-04-13 12:51:51,932 - INFO - Scraping data for Spaghetti (ID: 264)
2025-04-13 12:51:57,531 - INFO - Added 77 new records for Spaghetti
2025-04-13 12:51:58,605 - INFO - Scraping data for Wheat Flour (ID: 265)
2025-04-13 12:52:08,440 - INFO - Added 38 new records for Wheat Flour
2025-04-13 12:52:09,938 - INFO - Scraping data for Paddy (ID: 267)
2025-04-13 12:52:18,400 - INFO - Added 361 new records for Paddy
2025-04-13 12:52:20,758 - INFO - Scraping data for Beans (Yellow) (ID: 269)
2025-04-13 12:52:26,161 - WARNING - Price table not found in HTML
2025-04-13 12:52:26,162 - INFO - Added 0 new records for Beans (Yellow)
2025-04-13 12:52:27,363 - INFO - Scraping data for Coconut (ID: 270)
2025-04-13 12:52:34,594 - INFO - Added 231 new records for Coconut
2025-04-13 12:52:37,219 - INFO - Scraping data for Okra (ID: 272)
2025-04-13 12:52:45,091 - INFO - Added 491 new records for Okra
2025-04-13 12:52:47,998 - INFO - Scraping data for Cashewnuts (Korosho) (ID: 273)
2025-04-13 12:52:53,222 - INFO - Added 2 new records for Cashewnuts (Korosho)
2025-04-13 12:52:54,979 - INFO - Total new records added: 61030
